/*
 Navicat Premium Data Transfer

 Source Server         : 本地
 Source Server Type    : MySQL
 Source Server Version : 50744 (5.7.44-log)
 Source Host           : 127.0.0.1:3306
 Source Schema         : ry-wvp

 Target Server Type    : MySQL
 Target Server Version : 50744 (5.7.44-log)
 File Encoding         : 65001

 Date: 07/04/2025 18:26:35
*/

SET NAMES utf8mb4;
SET FOREIGN_KEY_CHECKS = 0;

-- ----------------------------
-- Table structure for gen_table
-- ----------------------------
DROP TABLE IF EXISTS `gen_table`;
CREATE TABLE `gen_table`  (
  `table_id` bigint(20) NOT NULL AUTO_INCREMENT COMMENT '编号',
  `table_name` varchar(200) CHARACTER SET utf8 COLLATE utf8_bin NULL DEFAULT '' COMMENT '表名称',
  `table_comment` varchar(500) CHARACTER SET utf8 COLLATE utf8_bin NULL DEFAULT '' COMMENT '表描述',
  `sub_table_name` varchar(64) CHARACTER SET utf8 COLLATE utf8_bin NULL DEFAULT NULL COMMENT '关联子表的表名',
  `sub_table_fk_name` varchar(64) CHARACTER SET utf8 COLLATE utf8_bin NULL DEFAULT NULL COMMENT '子表关联的外键名',
  `class_name` varchar(100) CHARACTER SET utf8 COLLATE utf8_bin NULL DEFAULT '' COMMENT '实体类名称',
  `tpl_category` varchar(200) CHARACTER SET utf8 COLLATE utf8_bin NULL DEFAULT 'crud' COMMENT '使用的模板（crud单表操作 tree树表操作）',
  `tpl_web_type` varchar(30) CHARACTER SET utf8 COLLATE utf8_bin NULL DEFAULT '' COMMENT '前端模板类型（element-ui模版 element-plus模版）',
  `package_name` varchar(100) CHARACTER SET utf8 COLLATE utf8_bin NULL DEFAULT NULL COMMENT '生成包路径',
  `module_name` varchar(30) CHARACTER SET utf8 COLLATE utf8_bin NULL DEFAULT NULL COMMENT '生成模块名',
  `business_name` varchar(30) CHARACTER SET utf8 COLLATE utf8_bin NULL DEFAULT NULL COMMENT '生成业务名',
  `function_name` varchar(50) CHARACTER SET utf8 COLLATE utf8_bin NULL DEFAULT NULL COMMENT '生成功能名',
  `function_author` varchar(50) CHARACTER SET utf8 COLLATE utf8_bin NULL DEFAULT NULL COMMENT '生成功能作者',
  `gen_type` char(1) CHARACTER SET utf8 COLLATE utf8_bin NULL DEFAULT '0' COMMENT '生成代码方式（0zip压缩包 1自定义路径）',
  `gen_path` varchar(200) CHARACTER SET utf8 COLLATE utf8_bin NULL DEFAULT '/' COMMENT '生成路径（不填默认项目路径）',
  `options` varchar(1000) CHARACTER SET utf8 COLLATE utf8_bin NULL DEFAULT NULL COMMENT '其它生成选项',
  `create_by` varchar(64) CHARACTER SET utf8 COLLATE utf8_bin NULL DEFAULT '' COMMENT '创建者',
  `create_time` datetime NULL DEFAULT NULL COMMENT '创建时间',
  `update_by` varchar(64) CHARACTER SET utf8 COLLATE utf8_bin NULL DEFAULT '' COMMENT '更新者',
  `update_time` datetime NULL DEFAULT NULL COMMENT '更新时间',
  `remark` varchar(500) CHARACTER SET utf8 COLLATE utf8_bin NULL DEFAULT NULL COMMENT '备注',
  PRIMARY KEY (`table_id`) USING BTREE
) ENGINE = InnoDB AUTO_INCREMENT = 2 CHARACTER SET = utf8 COLLATE = utf8_bin COMMENT = '代码生成业务表' ROW_FORMAT = Dynamic;

-- ----------------------------
-- Records of gen_table
-- ----------------------------
INSERT INTO `gen_table` VALUES (1, 'wvp_media_server', '媒体服务器表', NULL, NULL, 'WvpMediaServer', 'crud', 'element-plus', 'com.ruoyi.wvp', 'wvp', 'wvpMediaServer', '媒体服务器', 'fengcheng', '0', '/', '{\"parentMenuId\":2000}', 'admin', '2025-04-03 09:20:02', '', '2025-04-03 10:36:50', NULL);

-- ----------------------------
-- Table structure for gen_table_column
-- ----------------------------
DROP TABLE IF EXISTS `gen_table_column`;
CREATE TABLE `gen_table_column`  (
  `column_id` bigint(20) NOT NULL AUTO_INCREMENT COMMENT '编号',
  `table_id` bigint(20) NULL DEFAULT NULL COMMENT '归属表编号',
  `column_name` varchar(200) CHARACTER SET utf8 COLLATE utf8_bin NULL DEFAULT NULL COMMENT '列名称',
  `column_comment` varchar(500) CHARACTER SET utf8 COLLATE utf8_bin NULL DEFAULT NULL COMMENT '列描述',
  `column_type` varchar(100) CHARACTER SET utf8 COLLATE utf8_bin NULL DEFAULT NULL COMMENT '列类型',
  `java_type` varchar(500) CHARACTER SET utf8 COLLATE utf8_bin NULL DEFAULT NULL COMMENT 'JAVA类型',
  `java_field` varchar(200) CHARACTER SET utf8 COLLATE utf8_bin NULL DEFAULT NULL COMMENT 'JAVA字段名',
  `is_pk` char(1) CHARACTER SET utf8 COLLATE utf8_bin NULL DEFAULT NULL COMMENT '是否主键（1是）',
  `is_increment` char(1) CHARACTER SET utf8 COLLATE utf8_bin NULL DEFAULT NULL COMMENT '是否自增（1是）',
  `is_required` char(1) CHARACTER SET utf8 COLLATE utf8_bin NULL DEFAULT NULL COMMENT '是否必填（1是）',
  `is_insert` char(1) CHARACTER SET utf8 COLLATE utf8_bin NULL DEFAULT NULL COMMENT '是否为插入字段（1是）',
  `is_edit` char(1) CHARACTER SET utf8 COLLATE utf8_bin NULL DEFAULT NULL COMMENT '是否编辑字段（1是）',
  `is_list` char(1) CHARACTER SET utf8 COLLATE utf8_bin NULL DEFAULT NULL COMMENT '是否列表字段（1是）',
  `is_query` char(1) CHARACTER SET utf8 COLLATE utf8_bin NULL DEFAULT NULL COMMENT '是否查询字段（1是）',
  `query_type` varchar(200) CHARACTER SET utf8 COLLATE utf8_bin NULL DEFAULT 'EQ' COMMENT '查询方式（等于、不等于、大于、小于、范围）',
  `html_type` varchar(200) CHARACTER SET utf8 COLLATE utf8_bin NULL DEFAULT NULL COMMENT '显示类型（文本框、文本域、下拉框、复选框、单选框、日期控件）',
  `dict_type` varchar(200) CHARACTER SET utf8 COLLATE utf8_bin NULL DEFAULT '' COMMENT '字典类型',
  `sort` int(11) NULL DEFAULT NULL COMMENT '排序',
  `create_by` varchar(64) CHARACTER SET utf8 COLLATE utf8_bin NULL DEFAULT '' COMMENT '创建者',
  `create_time` datetime NULL DEFAULT NULL COMMENT '创建时间',
  `update_by` varchar(64) CHARACTER SET utf8 COLLATE utf8_bin NULL DEFAULT '' COMMENT '更新者',
  `update_time` datetime NULL DEFAULT NULL COMMENT '更新时间',
  PRIMARY KEY (`column_id`) USING BTREE
) ENGINE = InnoDB AUTO_INCREMENT = 31 CHARACTER SET = utf8 COLLATE = utf8_bin COMMENT = '代码生成业务表字段' ROW_FORMAT = Dynamic;

-- ----------------------------
-- Records of gen_table_column
-- ----------------------------
INSERT INTO `gen_table_column` VALUES (1, 1, 'id', '记录的唯一标识符', 'varchar(255)', 'String', 'id', '1', '0', '0', '1', NULL, NULL, NULL, 'EQ', 'input', '', 1, 'admin', '2025-04-03 09:20:02', '', '2025-04-03 10:36:50');
INSERT INTO `gen_table_column` VALUES (2, 1, 'ip', '服务器绑定的 IP 地址', 'varchar(50)', 'String', 'ip', '0', '0', '1', '1', '1', '1', '1', 'EQ', 'input', '', 2, 'admin', '2025-04-03 09:20:02', '', '2025-04-03 10:36:50');
INSERT INTO `gen_table_column` VALUES (3, 1, 'hook_ip', '接收回调通知的 IP 地址', 'varchar(50)', 'String', 'hookIp', '0', '0', '1', '1', '1', '1', '1', 'EQ', 'input', '', 3, 'admin', '2025-04-03 09:20:02', '', '2025-04-03 10:36:50');
INSERT INTO `gen_table_column` VALUES (4, 1, 'sdp_ip', 'SDP 协议使用的 IP 地址', 'varchar(50)', 'String', 'sdpIp', '0', '0', '0', '1', '1', '1', '1', 'EQ', 'input', '', 4, 'admin', '2025-04-03 09:20:02', '', '2025-04-03 10:36:50');
INSERT INTO `gen_table_column` VALUES (5, 1, 'stream_ip', '流媒体传输的 IP 地址', 'varchar(50)', 'String', 'streamIp', '0', '0', '0', '1', '1', '1', '1', 'EQ', 'input', '', 5, 'admin', '2025-04-03 09:20:02', '', '2025-04-03 10:36:50');
INSERT INTO `gen_table_column` VALUES (6, 1, 'http_port', 'HTTP 协议端口', 'int(11)', 'Long', 'httpPort', '0', '0', '0', '1', '1', '1', '1', 'EQ', 'input', '', 6, 'admin', '2025-04-03 09:20:02', '', '2025-04-03 10:36:50');
INSERT INTO `gen_table_column` VALUES (7, 1, 'http_ssl_port', 'HTTPS 协议端口', 'int(11)', 'Long', 'httpSslPort', '0', '0', '0', '1', '1', '1', '1', 'EQ', 'input', '', 7, 'admin', '2025-04-03 09:20:02', '', '2025-04-03 10:36:50');
INSERT INTO `gen_table_column` VALUES (8, 1, 'rtmp_port', 'RTMP 协议端口', 'int(11)', 'Long', 'rtmpPort', '0', '0', '0', '1', '1', '1', '1', 'EQ', 'input', '', 8, 'admin', '2025-04-03 09:20:02', '', '2025-04-03 10:36:50');
INSERT INTO `gen_table_column` VALUES (9, 1, 'rtmp_ssl_port', '加密 RTMP 协议端口', 'int(11)', 'Long', 'rtmpSslPort', '0', '0', '0', '1', '1', '1', '1', 'EQ', 'input', '', 9, 'admin', '2025-04-03 09:20:02', '', '2025-04-03 10:36:50');
INSERT INTO `gen_table_column` VALUES (10, 1, 'rtp_proxy_port', 'RTP 代理端口', 'int(11)', 'Long', 'rtpProxyPort', '0', '0', '0', '1', '1', '1', '1', 'EQ', 'input', '', 10, 'admin', '2025-04-03 09:20:02', '', '2025-04-03 10:36:50');
INSERT INTO `gen_table_column` VALUES (11, 1, 'rtsp_port', 'RTSP 协议端口', 'int(11)', 'Long', 'rtspPort', '0', '0', '0', '1', '1', '1', '1', 'EQ', 'input', '', 11, 'admin', '2025-04-03 09:20:02', '', '2025-04-03 10:36:50');
INSERT INTO `gen_table_column` VALUES (12, 1, 'rtsp_ssl_port', '加密 RTSP 协议端口', 'int(11)', 'Long', 'rtspSslPort', '0', '0', '0', '1', '1', '1', '1', 'EQ', 'input', '', 12, 'admin', '2025-04-03 09:20:02', '', '2025-04-03 10:36:50');
INSERT INTO `gen_table_column` VALUES (13, 1, 'flv_port', 'FLV 协议端口', 'int(11)', 'Long', 'flvPort', '0', '0', '0', '1', '1', '1', '1', 'EQ', 'input', '', 13, 'admin', '2025-04-03 09:20:02', '', '2025-04-03 10:36:50');
INSERT INTO `gen_table_column` VALUES (14, 1, 'flv_ssl_port', '加密 FLV 协议端口', 'int(11)', 'Long', 'flvSslPort', '0', '0', '0', '1', '1', '1', '1', 'EQ', 'input', '', 14, 'admin', '2025-04-03 09:20:02', '', '2025-04-03 10:36:50');
INSERT INTO `gen_table_column` VALUES (15, 1, 'ws_flv_port', 'WebSocket FLV 协议端口', 'int(11)', 'Long', 'wsFlvPort', '0', '0', '0', '1', '1', '1', '1', 'EQ', 'input', '', 15, 'admin', '2025-04-03 09:20:02', '', '2025-04-03 10:36:50');
INSERT INTO `gen_table_column` VALUES (16, 1, 'ws_flv_ssl_port', '加密 WebSocket FLV 协议端口', 'int(11)', 'Long', 'wsFlvSslPort', '0', '0', '0', '1', '1', '1', '1', 'EQ', 'input', '', 16, 'admin', '2025-04-03 09:20:02', '', '2025-04-03 10:36:50');
INSERT INTO `gen_table_column` VALUES (17, 1, 'auto_config', '是否启用自动配置', 'tinyint(1)', 'Integer', 'autoConfig', '0', '0', '0', '1', '1', '1', '1', 'EQ', 'input', '', 17, 'admin', '2025-04-03 09:20:02', '', '2025-04-03 10:36:50');
INSERT INTO `gen_table_column` VALUES (18, 1, 'secret', '密钥，用于鉴权或加密', 'varchar(50)', 'String', 'secret', '0', '0', '0', '1', '1', '1', '1', 'EQ', 'input', '', 18, 'admin', '2025-04-03 09:20:02', '', '2025-04-03 10:36:50');
INSERT INTO `gen_table_column` VALUES (19, 1, 'type', '流媒体配置类型', 'varchar(50)', 'String', 'type', '0', '0', '0', '1', '1', '1', '1', 'EQ', 'select', '', 19, 'admin', '2025-04-03 09:20:02', '', '2025-04-03 10:36:50');
INSERT INTO `gen_table_column` VALUES (20, 1, 'rtp_enable', '是否启用 RTP 协议', 'tinyint(1)', 'Integer', 'rtpEnable', '0', '0', '0', '1', '1', '1', '1', 'EQ', 'input', '', 20, 'admin', '2025-04-03 09:20:02', '', '2025-04-03 10:36:50');
INSERT INTO `gen_table_column` VALUES (21, 1, 'rtp_port_range', 'RTP 端口范围', 'varchar(50)', 'String', 'rtpPortRange', '0', '0', '0', '1', '1', '1', '1', 'EQ', 'input', '', 21, 'admin', '2025-04-03 09:20:02', '', '2025-04-03 10:36:50');
INSERT INTO `gen_table_column` VALUES (22, 1, 'send_rtp_port_range', '发送 RTP 数据的端口范围', 'varchar(50)', 'String', 'sendRtpPortRange', '0', '0', '0', '1', '1', '1', '1', 'EQ', 'input', '', 22, 'admin', '2025-04-03 09:20:02', '', '2025-04-03 10:36:50');
INSERT INTO `gen_table_column` VALUES (23, 1, 'record_assist_port', '录制辅助端口', 'int(11)', 'Long', 'recordAssistPort', '0', '0', '0', '1', '1', '1', '1', 'EQ', 'input', '', 23, 'admin', '2025-04-03 09:20:02', '', '2025-04-03 10:36:50');
INSERT INTO `gen_table_column` VALUES (24, 1, 'default_server', '是否为默认服务器', 'tinyint(1)', 'Integer', 'defaultServer', '0', '0', '0', '1', '1', '1', '1', 'EQ', 'input', '', 24, 'admin', '2025-04-03 09:20:02', '', '2025-04-03 10:36:50');
INSERT INTO `gen_table_column` VALUES (25, 1, 'create_time', '记录创建时间', 'varchar(50)', 'Date', 'createTime', '0', '0', '0', '1', NULL, NULL, NULL, 'BETWEEN', 'datetime', '', 25, 'admin', '2025-04-03 09:20:02', '', '2025-04-03 10:36:50');
INSERT INTO `gen_table_column` VALUES (26, 1, 'update_time', '记录最后更新时间', 'varchar(50)', 'Date', 'updateTime', '0', '0', '0', '1', '1', NULL, NULL, 'BETWEEN', 'datetime', '', 26, 'admin', '2025-04-03 09:20:02', '', '2025-04-03 10:36:50');
INSERT INTO `gen_table_column` VALUES (27, 1, 'hook_alive_interval', '回调存活检查间隔', 'int(11)', 'Long', 'hookAliveInterval', '0', '0', '0', '1', '1', '1', '1', 'EQ', 'input', '', 27, 'admin', '2025-04-03 09:20:02', '', '2025-04-03 10:36:50');
INSERT INTO `gen_table_column` VALUES (28, 1, 'record_path', '录像文件存储路径', 'varchar(255)', 'String', 'recordPath', '0', '0', '0', '1', '1', '1', '1', 'EQ', 'input', '', 28, 'admin', '2025-04-03 09:20:02', '', '2025-04-03 10:36:50');
INSERT INTO `gen_table_column` VALUES (29, 1, 'record_day', '录像保存天数', 'int(11)', 'Long', 'recordDay', '0', '0', '0', '1', '1', '1', '1', 'EQ', 'input', '', 29, 'admin', '2025-04-03 09:20:02', '', '2025-04-03 10:36:50');
INSERT INTO `gen_table_column` VALUES (30, 1, 'transcode_suffix', '转码文件的后缀名', 'varchar(255)', 'String', 'transcodeSuffix', '0', '0', '0', '1', '1', '1', '1', 'EQ', 'input', '', 30, 'admin', '2025-04-03 09:20:02', '', '2025-04-03 10:36:50');

-- ----------------------------
-- Table structure for qrtz_blob_triggers
-- ----------------------------
DROP TABLE IF EXISTS `qrtz_blob_triggers`;
CREATE TABLE `qrtz_blob_triggers`  (
  `sched_name` varchar(120) CHARACTER SET utf8 COLLATE utf8_bin NOT NULL COMMENT '调度名称',
  `trigger_name` varchar(200) CHARACTER SET utf8 COLLATE utf8_bin NOT NULL COMMENT 'qrtz_triggers表trigger_name的外键',
  `trigger_group` varchar(200) CHARACTER SET utf8 COLLATE utf8_bin NOT NULL COMMENT 'qrtz_triggers表trigger_group的外键',
  `blob_data` blob NULL COMMENT '存放持久化Trigger对象',
  PRIMARY KEY (`sched_name`, `trigger_name`, `trigger_group`) USING BTREE,
  CONSTRAINT `qrtz_blob_triggers_ibfk_1` FOREIGN KEY (`sched_name`, `trigger_name`, `trigger_group`) REFERENCES `qrtz_triggers` (`sched_name`, `trigger_name`, `trigger_group`) ON DELETE RESTRICT ON UPDATE RESTRICT
) ENGINE = InnoDB CHARACTER SET = utf8 COLLATE = utf8_bin COMMENT = 'Blob类型的触发器表' ROW_FORMAT = Dynamic;

-- ----------------------------
-- Records of qrtz_blob_triggers
-- ----------------------------

-- ----------------------------
-- Table structure for qrtz_calendars
-- ----------------------------
DROP TABLE IF EXISTS `qrtz_calendars`;
CREATE TABLE `qrtz_calendars`  (
  `sched_name` varchar(120) CHARACTER SET utf8 COLLATE utf8_bin NOT NULL COMMENT '调度名称',
  `calendar_name` varchar(200) CHARACTER SET utf8 COLLATE utf8_bin NOT NULL COMMENT '日历名称',
  `calendar` blob NOT NULL COMMENT '存放持久化calendar对象',
  PRIMARY KEY (`sched_name`, `calendar_name`) USING BTREE
) ENGINE = InnoDB CHARACTER SET = utf8 COLLATE = utf8_bin COMMENT = '日历信息表' ROW_FORMAT = Dynamic;

-- ----------------------------
-- Records of qrtz_calendars
-- ----------------------------

-- ----------------------------
-- Table structure for qrtz_cron_triggers
-- ----------------------------
DROP TABLE IF EXISTS `qrtz_cron_triggers`;
CREATE TABLE `qrtz_cron_triggers`  (
  `sched_name` varchar(120) CHARACTER SET utf8 COLLATE utf8_bin NOT NULL COMMENT '调度名称',
  `trigger_name` varchar(200) CHARACTER SET utf8 COLLATE utf8_bin NOT NULL COMMENT 'qrtz_triggers表trigger_name的外键',
  `trigger_group` varchar(200) CHARACTER SET utf8 COLLATE utf8_bin NOT NULL COMMENT 'qrtz_triggers表trigger_group的外键',
  `cron_expression` varchar(200) CHARACTER SET utf8 COLLATE utf8_bin NOT NULL COMMENT 'cron表达式',
  `time_zone_id` varchar(80) CHARACTER SET utf8 COLLATE utf8_bin NULL DEFAULT NULL COMMENT '时区',
  PRIMARY KEY (`sched_name`, `trigger_name`, `trigger_group`) USING BTREE,
  CONSTRAINT `qrtz_cron_triggers_ibfk_1` FOREIGN KEY (`sched_name`, `trigger_name`, `trigger_group`) REFERENCES `qrtz_triggers` (`sched_name`, `trigger_name`, `trigger_group`) ON DELETE RESTRICT ON UPDATE RESTRICT
) ENGINE = InnoDB CHARACTER SET = utf8 COLLATE = utf8_bin COMMENT = 'Cron类型的触发器表' ROW_FORMAT = Dynamic;

-- ----------------------------
-- Records of qrtz_cron_triggers
-- ----------------------------

-- ----------------------------
-- Table structure for qrtz_fired_triggers
-- ----------------------------
DROP TABLE IF EXISTS `qrtz_fired_triggers`;
CREATE TABLE `qrtz_fired_triggers`  (
  `sched_name` varchar(120) CHARACTER SET utf8 COLLATE utf8_bin NOT NULL COMMENT '调度名称',
  `entry_id` varchar(95) CHARACTER SET utf8 COLLATE utf8_bin NOT NULL COMMENT '调度器实例id',
  `trigger_name` varchar(200) CHARACTER SET utf8 COLLATE utf8_bin NOT NULL COMMENT 'qrtz_triggers表trigger_name的外键',
  `trigger_group` varchar(200) CHARACTER SET utf8 COLLATE utf8_bin NOT NULL COMMENT 'qrtz_triggers表trigger_group的外键',
  `instance_name` varchar(200) CHARACTER SET utf8 COLLATE utf8_bin NOT NULL COMMENT '调度器实例名',
  `fired_time` bigint(13) NOT NULL COMMENT '触发的时间',
  `sched_time` bigint(13) NOT NULL COMMENT '定时器制定的时间',
  `priority` int(11) NOT NULL COMMENT '优先级',
  `state` varchar(16) CHARACTER SET utf8 COLLATE utf8_bin NOT NULL COMMENT '状态',
  `job_name` varchar(200) CHARACTER SET utf8 COLLATE utf8_bin NULL DEFAULT NULL COMMENT '任务名称',
  `job_group` varchar(200) CHARACTER SET utf8 COLLATE utf8_bin NULL DEFAULT NULL COMMENT '任务组名',
  `is_nonconcurrent` varchar(1) CHARACTER SET utf8 COLLATE utf8_bin NULL DEFAULT NULL COMMENT '是否并发',
  `requests_recovery` varchar(1) CHARACTER SET utf8 COLLATE utf8_bin NULL DEFAULT NULL COMMENT '是否接受恢复执行',
  PRIMARY KEY (`sched_name`, `entry_id`) USING BTREE
) ENGINE = InnoDB CHARACTER SET = utf8 COLLATE = utf8_bin COMMENT = '已触发的触发器表' ROW_FORMAT = Dynamic;

-- ----------------------------
-- Records of qrtz_fired_triggers
-- ----------------------------

-- ----------------------------
-- Table structure for qrtz_job_details
-- ----------------------------
DROP TABLE IF EXISTS `qrtz_job_details`;
CREATE TABLE `qrtz_job_details`  (
  `sched_name` varchar(120) CHARACTER SET utf8 COLLATE utf8_bin NOT NULL COMMENT '调度名称',
  `job_name` varchar(200) CHARACTER SET utf8 COLLATE utf8_bin NOT NULL COMMENT '任务名称',
  `job_group` varchar(200) CHARACTER SET utf8 COLLATE utf8_bin NOT NULL COMMENT '任务组名',
  `description` varchar(250) CHARACTER SET utf8 COLLATE utf8_bin NULL DEFAULT NULL COMMENT '相关介绍',
  `job_class_name` varchar(250) CHARACTER SET utf8 COLLATE utf8_bin NOT NULL COMMENT '执行任务类名称',
  `is_durable` varchar(1) CHARACTER SET utf8 COLLATE utf8_bin NOT NULL COMMENT '是否持久化',
  `is_nonconcurrent` varchar(1) CHARACTER SET utf8 COLLATE utf8_bin NOT NULL COMMENT '是否并发',
  `is_update_data` varchar(1) CHARACTER SET utf8 COLLATE utf8_bin NOT NULL COMMENT '是否更新数据',
  `requests_recovery` varchar(1) CHARACTER SET utf8 COLLATE utf8_bin NOT NULL COMMENT '是否接受恢复执行',
  `job_data` blob NULL COMMENT '存放持久化job对象',
  PRIMARY KEY (`sched_name`, `job_name`, `job_group`) USING BTREE
) ENGINE = InnoDB CHARACTER SET = utf8 COLLATE = utf8_bin COMMENT = '任务详细信息表' ROW_FORMAT = Dynamic;

-- ----------------------------
-- Records of qrtz_job_details
-- ----------------------------

-- ----------------------------
-- Table structure for qrtz_locks
-- ----------------------------
DROP TABLE IF EXISTS `qrtz_locks`;
CREATE TABLE `qrtz_locks`  (
  `sched_name` varchar(120) CHARACTER SET utf8 COLLATE utf8_bin NOT NULL COMMENT '调度名称',
  `lock_name` varchar(40) CHARACTER SET utf8 COLLATE utf8_bin NOT NULL COMMENT '悲观锁名称',
  PRIMARY KEY (`sched_name`, `lock_name`) USING BTREE
) ENGINE = InnoDB CHARACTER SET = utf8 COLLATE = utf8_bin COMMENT = '存储的悲观锁信息表' ROW_FORMAT = Dynamic;

-- ----------------------------
-- Records of qrtz_locks
-- ----------------------------

-- ----------------------------
-- Table structure for qrtz_paused_trigger_grps
-- ----------------------------
DROP TABLE IF EXISTS `qrtz_paused_trigger_grps`;
CREATE TABLE `qrtz_paused_trigger_grps`  (
  `sched_name` varchar(120) CHARACTER SET utf8 COLLATE utf8_bin NOT NULL COMMENT '调度名称',
  `trigger_group` varchar(200) CHARACTER SET utf8 COLLATE utf8_bin NOT NULL COMMENT 'qrtz_triggers表trigger_group的外键',
  PRIMARY KEY (`sched_name`, `trigger_group`) USING BTREE
) ENGINE = InnoDB CHARACTER SET = utf8 COLLATE = utf8_bin COMMENT = '暂停的触发器表' ROW_FORMAT = Dynamic;

-- ----------------------------
-- Records of qrtz_paused_trigger_grps
-- ----------------------------

-- ----------------------------
-- Table structure for qrtz_scheduler_state
-- ----------------------------
DROP TABLE IF EXISTS `qrtz_scheduler_state`;
CREATE TABLE `qrtz_scheduler_state`  (
  `sched_name` varchar(120) CHARACTER SET utf8 COLLATE utf8_bin NOT NULL COMMENT '调度名称',
  `instance_name` varchar(200) CHARACTER SET utf8 COLLATE utf8_bin NOT NULL COMMENT '实例名称',
  `last_checkin_time` bigint(13) NOT NULL COMMENT '上次检查时间',
  `checkin_interval` bigint(13) NOT NULL COMMENT '检查间隔时间',
  PRIMARY KEY (`sched_name`, `instance_name`) USING BTREE
) ENGINE = InnoDB CHARACTER SET = utf8 COLLATE = utf8_bin COMMENT = '调度器状态表' ROW_FORMAT = Dynamic;

-- ----------------------------
-- Records of qrtz_scheduler_state
-- ----------------------------

-- ----------------------------
-- Table structure for qrtz_simple_triggers
-- ----------------------------
DROP TABLE IF EXISTS `qrtz_simple_triggers`;
CREATE TABLE `qrtz_simple_triggers`  (
  `sched_name` varchar(120) CHARACTER SET utf8 COLLATE utf8_bin NOT NULL COMMENT '调度名称',
  `trigger_name` varchar(200) CHARACTER SET utf8 COLLATE utf8_bin NOT NULL COMMENT 'qrtz_triggers表trigger_name的外键',
  `trigger_group` varchar(200) CHARACTER SET utf8 COLLATE utf8_bin NOT NULL COMMENT 'qrtz_triggers表trigger_group的外键',
  `repeat_count` bigint(7) NOT NULL COMMENT '重复的次数统计',
  `repeat_interval` bigint(12) NOT NULL COMMENT '重复的间隔时间',
  `times_triggered` bigint(10) NOT NULL COMMENT '已经触发的次数',
  PRIMARY KEY (`sched_name`, `trigger_name`, `trigger_group`) USING BTREE,
  CONSTRAINT `qrtz_simple_triggers_ibfk_1` FOREIGN KEY (`sched_name`, `trigger_name`, `trigger_group`) REFERENCES `qrtz_triggers` (`sched_name`, `trigger_name`, `trigger_group`) ON DELETE RESTRICT ON UPDATE RESTRICT
) ENGINE = InnoDB CHARACTER SET = utf8 COLLATE = utf8_bin COMMENT = '简单触发器的信息表' ROW_FORMAT = Dynamic;

-- ----------------------------
-- Records of qrtz_simple_triggers
-- ----------------------------

-- ----------------------------
-- Table structure for qrtz_simprop_triggers
-- ----------------------------
DROP TABLE IF EXISTS `qrtz_simprop_triggers`;
CREATE TABLE `qrtz_simprop_triggers`  (
  `sched_name` varchar(120) CHARACTER SET utf8 COLLATE utf8_bin NOT NULL COMMENT '调度名称',
  `trigger_name` varchar(200) CHARACTER SET utf8 COLLATE utf8_bin NOT NULL COMMENT 'qrtz_triggers表trigger_name的外键',
  `trigger_group` varchar(200) CHARACTER SET utf8 COLLATE utf8_bin NOT NULL COMMENT 'qrtz_triggers表trigger_group的外键',
  `str_prop_1` varchar(512) CHARACTER SET utf8 COLLATE utf8_bin NULL DEFAULT NULL COMMENT 'String类型的trigger的第一个参数',
  `str_prop_2` varchar(512) CHARACTER SET utf8 COLLATE utf8_bin NULL DEFAULT NULL COMMENT 'String类型的trigger的第二个参数',
  `str_prop_3` varchar(512) CHARACTER SET utf8 COLLATE utf8_bin NULL DEFAULT NULL COMMENT 'String类型的trigger的第三个参数',
  `int_prop_1` int(11) NULL DEFAULT NULL COMMENT 'int类型的trigger的第一个参数',
  `int_prop_2` int(11) NULL DEFAULT NULL COMMENT 'int类型的trigger的第二个参数',
  `long_prop_1` bigint(20) NULL DEFAULT NULL COMMENT 'long类型的trigger的第一个参数',
  `long_prop_2` bigint(20) NULL DEFAULT NULL COMMENT 'long类型的trigger的第二个参数',
  `dec_prop_1` decimal(13, 4) NULL DEFAULT NULL COMMENT 'decimal类型的trigger的第一个参数',
  `dec_prop_2` decimal(13, 4) NULL DEFAULT NULL COMMENT 'decimal类型的trigger的第二个参数',
  `bool_prop_1` varchar(1) CHARACTER SET utf8 COLLATE utf8_bin NULL DEFAULT NULL COMMENT 'Boolean类型的trigger的第一个参数',
  `bool_prop_2` varchar(1) CHARACTER SET utf8 COLLATE utf8_bin NULL DEFAULT NULL COMMENT 'Boolean类型的trigger的第二个参数',
  PRIMARY KEY (`sched_name`, `trigger_name`, `trigger_group`) USING BTREE,
  CONSTRAINT `qrtz_simprop_triggers_ibfk_1` FOREIGN KEY (`sched_name`, `trigger_name`, `trigger_group`) REFERENCES `qrtz_triggers` (`sched_name`, `trigger_name`, `trigger_group`) ON DELETE RESTRICT ON UPDATE RESTRICT
) ENGINE = InnoDB CHARACTER SET = utf8 COLLATE = utf8_bin COMMENT = '同步机制的行锁表' ROW_FORMAT = Dynamic;

-- ----------------------------
-- Records of qrtz_simprop_triggers
-- ----------------------------

-- ----------------------------
-- Table structure for qrtz_triggers
-- ----------------------------
DROP TABLE IF EXISTS `qrtz_triggers`;
CREATE TABLE `qrtz_triggers`  (
  `sched_name` varchar(120) CHARACTER SET utf8 COLLATE utf8_bin NOT NULL COMMENT '调度名称',
  `trigger_name` varchar(200) CHARACTER SET utf8 COLLATE utf8_bin NOT NULL COMMENT '触发器的名字',
  `trigger_group` varchar(200) CHARACTER SET utf8 COLLATE utf8_bin NOT NULL COMMENT '触发器所属组的名字',
  `job_name` varchar(200) CHARACTER SET utf8 COLLATE utf8_bin NOT NULL COMMENT 'qrtz_job_details表job_name的外键',
  `job_group` varchar(200) CHARACTER SET utf8 COLLATE utf8_bin NOT NULL COMMENT 'qrtz_job_details表job_group的外键',
  `description` varchar(250) CHARACTER SET utf8 COLLATE utf8_bin NULL DEFAULT NULL COMMENT '相关介绍',
  `next_fire_time` bigint(13) NULL DEFAULT NULL COMMENT '上一次触发时间（毫秒）',
  `prev_fire_time` bigint(13) NULL DEFAULT NULL COMMENT '下一次触发时间（默认为-1表示不触发）',
  `priority` int(11) NULL DEFAULT NULL COMMENT '优先级',
  `trigger_state` varchar(16) CHARACTER SET utf8 COLLATE utf8_bin NOT NULL COMMENT '触发器状态',
  `trigger_type` varchar(8) CHARACTER SET utf8 COLLATE utf8_bin NOT NULL COMMENT '触发器的类型',
  `start_time` bigint(13) NOT NULL COMMENT '开始时间',
  `end_time` bigint(13) NULL DEFAULT NULL COMMENT '结束时间',
  `calendar_name` varchar(200) CHARACTER SET utf8 COLLATE utf8_bin NULL DEFAULT NULL COMMENT '日程表名称',
  `misfire_instr` smallint(2) NULL DEFAULT NULL COMMENT '补偿执行的策略',
  `job_data` blob NULL COMMENT '存放持久化job对象',
  PRIMARY KEY (`sched_name`, `trigger_name`, `trigger_group`) USING BTREE,
  INDEX `sched_name`(`sched_name`, `job_name`, `job_group`) USING BTREE,
  CONSTRAINT `qrtz_triggers_ibfk_1` FOREIGN KEY (`sched_name`, `job_name`, `job_group`) REFERENCES `qrtz_job_details` (`sched_name`, `job_name`, `job_group`) ON DELETE RESTRICT ON UPDATE RESTRICT
) ENGINE = InnoDB CHARACTER SET = utf8 COLLATE = utf8_bin COMMENT = '触发器详细信息表' ROW_FORMAT = Dynamic;

-- ----------------------------
-- Records of qrtz_triggers
-- ----------------------------

-- ----------------------------
-- Table structure for sys_config
-- ----------------------------
DROP TABLE IF EXISTS `sys_config`;
CREATE TABLE `sys_config`  (
  `config_id` int(5) NOT NULL AUTO_INCREMENT COMMENT '参数主键',
  `config_name` varchar(100) CHARACTER SET utf8 COLLATE utf8_bin NULL DEFAULT '' COMMENT '参数名称',
  `config_key` varchar(100) CHARACTER SET utf8 COLLATE utf8_bin NULL DEFAULT '' COMMENT '参数键名',
  `config_value` varchar(500) CHARACTER SET utf8 COLLATE utf8_bin NULL DEFAULT '' COMMENT '参数键值',
  `config_type` char(1) CHARACTER SET utf8 COLLATE utf8_bin NULL DEFAULT 'N' COMMENT '系统内置（Y是 N否）',
  `create_by` varchar(64) CHARACTER SET utf8 COLLATE utf8_bin NULL DEFAULT '' COMMENT '创建者',
  `create_time` datetime NULL DEFAULT NULL COMMENT '创建时间',
  `update_by` varchar(64) CHARACTER SET utf8 COLLATE utf8_bin NULL DEFAULT '' COMMENT '更新者',
  `update_time` datetime NULL DEFAULT NULL COMMENT '更新时间',
  `remark` varchar(500) CHARACTER SET utf8 COLLATE utf8_bin NULL DEFAULT NULL COMMENT '备注',
  PRIMARY KEY (`config_id`) USING BTREE
) ENGINE = InnoDB AUTO_INCREMENT = 7 CHARACTER SET = utf8 COLLATE = utf8_bin COMMENT = '参数配置表' ROW_FORMAT = Dynamic;

-- ----------------------------
-- Records of sys_config
-- ----------------------------
INSERT INTO `sys_config` VALUES (1, '主框架页-默认皮肤样式名称', 'sys.index.skinName', 'skin-blue', 'Y', 'admin', '2025-04-03 09:03:39', '', NULL, '蓝色 skin-blue、绿色 skin-green、紫色 skin-purple、红色 skin-red、黄色 skin-yellow');
INSERT INTO `sys_config` VALUES (2, '用户管理-账号初始密码', 'sys.user.initPassword', '123456', 'Y', 'admin', '2025-04-03 09:03:39', '', NULL, '初始化密码 123456');
INSERT INTO `sys_config` VALUES (3, '主框架页-侧边栏主题', 'sys.index.sideTheme', 'theme-dark', 'Y', 'admin', '2025-04-03 09:03:39', '', NULL, '深色主题theme-dark，浅色主题theme-light');
INSERT INTO `sys_config` VALUES (4, '账号自助-验证码开关', 'sys.account.captchaEnabled', 'true', 'Y', 'admin', '2025-04-03 09:03:39', '', NULL, '是否开启验证码功能（true开启，false关闭）');
INSERT INTO `sys_config` VALUES (5, '账号自助-是否开启用户注册功能', 'sys.account.registerUser', 'false', 'Y', 'admin', '2025-04-03 09:03:39', '', NULL, '是否开启注册用户功能（true开启，false关闭）');
INSERT INTO `sys_config` VALUES (6, '用户登录-黑名单列表', 'sys.login.blackIPList', '', 'Y', 'admin', '2025-04-03 09:03:39', '', NULL, '设置登录IP黑名单限制，多个匹配项以;分隔，支持匹配（*通配、网段）');

-- ----------------------------
-- Table structure for sys_dept
-- ----------------------------
DROP TABLE IF EXISTS `sys_dept`;
CREATE TABLE `sys_dept`  (
  `dept_id` bigint(20) NOT NULL AUTO_INCREMENT COMMENT '部门id',
  `parent_id` bigint(20) NULL DEFAULT 0 COMMENT '父部门id',
  `ancestors` varchar(50) CHARACTER SET utf8 COLLATE utf8_bin NULL DEFAULT '' COMMENT '祖级列表',
  `dept_name` varchar(30) CHARACTER SET utf8 COLLATE utf8_bin NULL DEFAULT '' COMMENT '部门名称',
  `order_num` int(4) NULL DEFAULT 0 COMMENT '显示顺序',
  `leader` varchar(20) CHARACTER SET utf8 COLLATE utf8_bin NULL DEFAULT NULL COMMENT '负责人',
  `phone` varchar(11) CHARACTER SET utf8 COLLATE utf8_bin NULL DEFAULT NULL COMMENT '联系电话',
  `email` varchar(50) CHARACTER SET utf8 COLLATE utf8_bin NULL DEFAULT NULL COMMENT '邮箱',
  `status` char(1) CHARACTER SET utf8 COLLATE utf8_bin NULL DEFAULT '0' COMMENT '部门状态（0正常 1停用）',
  `del_flag` char(1) CHARACTER SET utf8 COLLATE utf8_bin NULL DEFAULT '0' COMMENT '删除标志（0代表存在 2代表删除）',
  `create_by` varchar(64) CHARACTER SET utf8 COLLATE utf8_bin NULL DEFAULT '' COMMENT '创建者',
  `create_time` datetime NULL DEFAULT NULL COMMENT '创建时间',
  `update_by` varchar(64) CHARACTER SET utf8 COLLATE utf8_bin NULL DEFAULT '' COMMENT '更新者',
  `update_time` datetime NULL DEFAULT NULL COMMENT '更新时间',
  PRIMARY KEY (`dept_id`) USING BTREE
) ENGINE = InnoDB AUTO_INCREMENT = 110 CHARACTER SET = utf8 COLLATE = utf8_bin COMMENT = '部门表' ROW_FORMAT = Dynamic;

-- ----------------------------
-- Records of sys_dept
-- ----------------------------
INSERT INTO `sys_dept` VALUES (100, 0, '0', '若依科技', 0, '若依', '15888888888', 'ry@qq.com', '0', '0', 'admin', '2025-04-03 09:03:39', '', NULL);
INSERT INTO `sys_dept` VALUES (101, 100, '0,100', '深圳总公司', 1, '若依', '15888888888', 'ry@qq.com', '0', '0', 'admin', '2025-04-03 09:03:39', '', NULL);
INSERT INTO `sys_dept` VALUES (102, 100, '0,100', '长沙分公司', 2, '若依', '15888888888', 'ry@qq.com', '0', '0', 'admin', '2025-04-03 09:03:39', '', NULL);
INSERT INTO `sys_dept` VALUES (103, 101, '0,100,101', '研发部门', 1, '若依', '15888888888', 'ry@qq.com', '0', '0', 'admin', '2025-04-03 09:03:39', '', NULL);
INSERT INTO `sys_dept` VALUES (104, 101, '0,100,101', '市场部门', 2, '若依', '15888888888', 'ry@qq.com', '0', '0', 'admin', '2025-04-03 09:03:39', '', NULL);
INSERT INTO `sys_dept` VALUES (105, 101, '0,100,101', '测试部门', 3, '若依', '15888888888', 'ry@qq.com', '0', '0', 'admin', '2025-04-03 09:03:39', '', NULL);
INSERT INTO `sys_dept` VALUES (106, 101, '0,100,101', '财务部门', 4, '若依', '15888888888', 'ry@qq.com', '0', '0', 'admin', '2025-04-03 09:03:39', '', NULL);
INSERT INTO `sys_dept` VALUES (107, 101, '0,100,101', '运维部门', 5, '若依', '15888888888', 'ry@qq.com', '0', '0', 'admin', '2025-04-03 09:03:39', '', NULL);
INSERT INTO `sys_dept` VALUES (108, 102, '0,100,102', '市场部门', 1, '若依', '15888888888', 'ry@qq.com', '0', '0', 'admin', '2025-04-03 09:03:39', '', NULL);
INSERT INTO `sys_dept` VALUES (109, 102, '0,100,102', '财务部门', 2, '若依', '15888888888', 'ry@qq.com', '0', '0', 'admin', '2025-04-03 09:03:39', '', NULL);

-- ----------------------------
-- Table structure for sys_dict_data
-- ----------------------------
DROP TABLE IF EXISTS `sys_dict_data`;
CREATE TABLE `sys_dict_data`  (
  `dict_code` bigint(20) NOT NULL AUTO_INCREMENT COMMENT '字典编码',
  `dict_sort` int(4) NULL DEFAULT 0 COMMENT '字典排序',
  `dict_label` varchar(100) CHARACTER SET utf8 COLLATE utf8_bin NULL DEFAULT '' COMMENT '字典标签',
  `dict_value` varchar(100) CHARACTER SET utf8 COLLATE utf8_bin NULL DEFAULT '' COMMENT '字典键值',
  `dict_type` varchar(100) CHARACTER SET utf8 COLLATE utf8_bin NULL DEFAULT '' COMMENT '字典类型',
  `css_class` varchar(100) CHARACTER SET utf8 COLLATE utf8_bin NULL DEFAULT NULL COMMENT '样式属性（其他样式扩展）',
  `list_class` varchar(100) CHARACTER SET utf8 COLLATE utf8_bin NULL DEFAULT NULL COMMENT '表格回显样式',
  `is_default` char(1) CHARACTER SET utf8 COLLATE utf8_bin NULL DEFAULT 'N' COMMENT '是否默认（Y是 N否）',
  `status` char(1) CHARACTER SET utf8 COLLATE utf8_bin NULL DEFAULT '0' COMMENT '状态（0正常 1停用）',
  `create_by` varchar(64) CHARACTER SET utf8 COLLATE utf8_bin NULL DEFAULT '' COMMENT '创建者',
  `create_time` datetime NULL DEFAULT NULL COMMENT '创建时间',
  `update_by` varchar(64) CHARACTER SET utf8 COLLATE utf8_bin NULL DEFAULT '' COMMENT '更新者',
  `update_time` datetime NULL DEFAULT NULL COMMENT '更新时间',
  `remark` varchar(500) CHARACTER SET utf8 COLLATE utf8_bin NULL DEFAULT NULL COMMENT '备注',
  PRIMARY KEY (`dict_code`) USING BTREE
) ENGINE = InnoDB AUTO_INCREMENT = 30 CHARACTER SET = utf8 COLLATE = utf8_bin COMMENT = '字典数据表' ROW_FORMAT = Dynamic;

-- ----------------------------
-- Records of sys_dict_data
-- ----------------------------
INSERT INTO `sys_dict_data` VALUES (1, 1, '男', '0', 'sys_user_sex', '', '', 'Y', '0', 'admin', '2025-04-03 09:03:39', '', NULL, '性别男');
INSERT INTO `sys_dict_data` VALUES (2, 2, '女', '1', 'sys_user_sex', '', '', 'N', '0', 'admin', '2025-04-03 09:03:39', '', NULL, '性别女');
INSERT INTO `sys_dict_data` VALUES (3, 3, '未知', '2', 'sys_user_sex', '', '', 'N', '0', 'admin', '2025-04-03 09:03:39', '', NULL, '性别未知');
INSERT INTO `sys_dict_data` VALUES (4, 1, '显示', '0', 'sys_show_hide', '', 'primary', 'Y', '0', 'admin', '2025-04-03 09:03:39', '', NULL, '显示菜单');
INSERT INTO `sys_dict_data` VALUES (5, 2, '隐藏', '1', 'sys_show_hide', '', 'danger', 'N', '0', 'admin', '2025-04-03 09:03:39', '', NULL, '隐藏菜单');
INSERT INTO `sys_dict_data` VALUES (6, 1, '正常', '0', 'sys_normal_disable', '', 'primary', 'Y', '0', 'admin', '2025-04-03 09:03:39', '', NULL, '正常状态');
INSERT INTO `sys_dict_data` VALUES (7, 2, '停用', '1', 'sys_normal_disable', '', 'danger', 'N', '0', 'admin', '2025-04-03 09:03:39', '', NULL, '停用状态');
INSERT INTO `sys_dict_data` VALUES (8, 1, '正常', '0', 'sys_job_status', '', 'primary', 'Y', '0', 'admin', '2025-04-03 09:03:39', '', NULL, '正常状态');
INSERT INTO `sys_dict_data` VALUES (9, 2, '暂停', '1', 'sys_job_status', '', 'danger', 'N', '0', 'admin', '2025-04-03 09:03:39', '', NULL, '停用状态');
INSERT INTO `sys_dict_data` VALUES (10, 1, '默认', 'DEFAULT', 'sys_job_group', '', '', 'Y', '0', 'admin', '2025-04-03 09:03:39', '', NULL, '默认分组');
INSERT INTO `sys_dict_data` VALUES (11, 2, '系统', 'SYSTEM', 'sys_job_group', '', '', 'N', '0', 'admin', '2025-04-03 09:03:39', '', NULL, '系统分组');
INSERT INTO `sys_dict_data` VALUES (12, 1, '是', 'Y', 'sys_yes_no', '', 'primary', 'Y', '0', 'admin', '2025-04-03 09:03:39', '', NULL, '系统默认是');
INSERT INTO `sys_dict_data` VALUES (13, 2, '否', 'N', 'sys_yes_no', '', 'danger', 'N', '0', 'admin', '2025-04-03 09:03:39', '', NULL, '系统默认否');
INSERT INTO `sys_dict_data` VALUES (14, 1, '通知', '1', 'sys_notice_type', '', 'warning', 'Y', '0', 'admin', '2025-04-03 09:03:39', '', NULL, '通知');
INSERT INTO `sys_dict_data` VALUES (15, 2, '公告', '2', 'sys_notice_type', '', 'success', 'N', '0', 'admin', '2025-04-03 09:03:39', '', NULL, '公告');
INSERT INTO `sys_dict_data` VALUES (16, 1, '正常', '0', 'sys_notice_status', '', 'primary', 'Y', '0', 'admin', '2025-04-03 09:03:39', '', NULL, '正常状态');
INSERT INTO `sys_dict_data` VALUES (17, 2, '关闭', '1', 'sys_notice_status', '', 'danger', 'N', '0', 'admin', '2025-04-03 09:03:39', '', NULL, '关闭状态');
INSERT INTO `sys_dict_data` VALUES (18, 99, '其他', '0', 'sys_oper_type', '', 'info', 'N', '0', 'admin', '2025-04-03 09:03:39', '', NULL, '其他操作');
INSERT INTO `sys_dict_data` VALUES (19, 1, '新增', '1', 'sys_oper_type', '', 'info', 'N', '0', 'admin', '2025-04-03 09:03:39', '', NULL, '新增操作');
INSERT INTO `sys_dict_data` VALUES (20, 2, '修改', '2', 'sys_oper_type', '', 'info', 'N', '0', 'admin', '2025-04-03 09:03:39', '', NULL, '修改操作');
INSERT INTO `sys_dict_data` VALUES (21, 3, '删除', '3', 'sys_oper_type', '', 'danger', 'N', '0', 'admin', '2025-04-03 09:03:39', '', NULL, '删除操作');
INSERT INTO `sys_dict_data` VALUES (22, 4, '授权', '4', 'sys_oper_type', '', 'primary', 'N', '0', 'admin', '2025-04-03 09:03:39', '', NULL, '授权操作');
INSERT INTO `sys_dict_data` VALUES (23, 5, '导出', '5', 'sys_oper_type', '', 'warning', 'N', '0', 'admin', '2025-04-03 09:03:39', '', NULL, '导出操作');
INSERT INTO `sys_dict_data` VALUES (24, 6, '导入', '6', 'sys_oper_type', '', 'warning', 'N', '0', 'admin', '2025-04-03 09:03:39', '', NULL, '导入操作');
INSERT INTO `sys_dict_data` VALUES (25, 7, '强退', '7', 'sys_oper_type', '', 'danger', 'N', '0', 'admin', '2025-04-03 09:03:39', '', NULL, '强退操作');
INSERT INTO `sys_dict_data` VALUES (26, 8, '生成代码', '8', 'sys_oper_type', '', 'warning', 'N', '0', 'admin', '2025-04-03 09:03:39', '', NULL, '生成操作');
INSERT INTO `sys_dict_data` VALUES (27, 9, '清空数据', '9', 'sys_oper_type', '', 'danger', 'N', '0', 'admin', '2025-04-03 09:03:39', '', NULL, '清空操作');
INSERT INTO `sys_dict_data` VALUES (28, 1, '成功', '0', 'sys_common_status', '', 'primary', 'N', '0', 'admin', '2025-04-03 09:03:39', '', NULL, '正常状态');
INSERT INTO `sys_dict_data` VALUES (29, 2, '失败', '1', 'sys_common_status', '', 'danger', 'N', '0', 'admin', '2025-04-03 09:03:39', '', NULL, '停用状态');

-- ----------------------------
-- Table structure for sys_dict_type
-- ----------------------------
DROP TABLE IF EXISTS `sys_dict_type`;
CREATE TABLE `sys_dict_type`  (
  `dict_id` bigint(20) NOT NULL AUTO_INCREMENT COMMENT '字典主键',
  `dict_name` varchar(100) CHARACTER SET utf8 COLLATE utf8_bin NULL DEFAULT '' COMMENT '字典名称',
  `dict_type` varchar(100) CHARACTER SET utf8 COLLATE utf8_bin NULL DEFAULT '' COMMENT '字典类型',
  `status` char(1) CHARACTER SET utf8 COLLATE utf8_bin NULL DEFAULT '0' COMMENT '状态（0正常 1停用）',
  `create_by` varchar(64) CHARACTER SET utf8 COLLATE utf8_bin NULL DEFAULT '' COMMENT '创建者',
  `create_time` datetime NULL DEFAULT NULL COMMENT '创建时间',
  `update_by` varchar(64) CHARACTER SET utf8 COLLATE utf8_bin NULL DEFAULT '' COMMENT '更新者',
  `update_time` datetime NULL DEFAULT NULL COMMENT '更新时间',
  `remark` varchar(500) CHARACTER SET utf8 COLLATE utf8_bin NULL DEFAULT NULL COMMENT '备注',
  PRIMARY KEY (`dict_id`) USING BTREE,
  UNIQUE INDEX `dict_type`(`dict_type`) USING BTREE
) ENGINE = InnoDB AUTO_INCREMENT = 11 CHARACTER SET = utf8 COLLATE = utf8_bin COMMENT = '字典类型表' ROW_FORMAT = Dynamic;

-- ----------------------------
-- Records of sys_dict_type
-- ----------------------------
INSERT INTO `sys_dict_type` VALUES (1, '用户性别', 'sys_user_sex', '0', 'admin', '2025-04-03 09:03:39', '', NULL, '用户性别列表');
INSERT INTO `sys_dict_type` VALUES (2, '菜单状态', 'sys_show_hide', '0', 'admin', '2025-04-03 09:03:39', '', NULL, '菜单状态列表');
INSERT INTO `sys_dict_type` VALUES (3, '系统开关', 'sys_normal_disable', '0', 'admin', '2025-04-03 09:03:39', '', NULL, '系统开关列表');
INSERT INTO `sys_dict_type` VALUES (4, '任务状态', 'sys_job_status', '0', 'admin', '2025-04-03 09:03:39', '', NULL, '任务状态列表');
INSERT INTO `sys_dict_type` VALUES (5, '任务分组', 'sys_job_group', '0', 'admin', '2025-04-03 09:03:39', '', NULL, '任务分组列表');
INSERT INTO `sys_dict_type` VALUES (6, '系统是否', 'sys_yes_no', '0', 'admin', '2025-04-03 09:03:39', '', NULL, '系统是否列表');
INSERT INTO `sys_dict_type` VALUES (7, '通知类型', 'sys_notice_type', '0', 'admin', '2025-04-03 09:03:39', '', NULL, '通知类型列表');
INSERT INTO `sys_dict_type` VALUES (8, '通知状态', 'sys_notice_status', '0', 'admin', '2025-04-03 09:03:39', '', NULL, '通知状态列表');
INSERT INTO `sys_dict_type` VALUES (9, '操作类型', 'sys_oper_type', '0', 'admin', '2025-04-03 09:03:39', '', NULL, '操作类型列表');
INSERT INTO `sys_dict_type` VALUES (10, '系统状态', 'sys_common_status', '0', 'admin', '2025-04-03 09:03:39', '', NULL, '登录状态列表');

-- ----------------------------
-- Table structure for sys_job
-- ----------------------------
DROP TABLE IF EXISTS `sys_job`;
CREATE TABLE `sys_job`  (
  `job_id` bigint(20) NOT NULL AUTO_INCREMENT COMMENT '任务ID',
  `job_name` varchar(64) CHARACTER SET utf8 COLLATE utf8_bin NOT NULL DEFAULT '' COMMENT '任务名称',
  `job_group` varchar(64) CHARACTER SET utf8 COLLATE utf8_bin NOT NULL DEFAULT 'DEFAULT' COMMENT '任务组名',
  `invoke_target` varchar(500) CHARACTER SET utf8 COLLATE utf8_bin NOT NULL COMMENT '调用目标字符串',
  `cron_expression` varchar(255) CHARACTER SET utf8 COLLATE utf8_bin NULL DEFAULT '' COMMENT 'cron执行表达式',
  `misfire_policy` varchar(20) CHARACTER SET utf8 COLLATE utf8_bin NULL DEFAULT '3' COMMENT '计划执行错误策略（1立即执行 2执行一次 3放弃执行）',
  `concurrent` char(1) CHARACTER SET utf8 COLLATE utf8_bin NULL DEFAULT '1' COMMENT '是否并发执行（0允许 1禁止）',
  `status` char(1) CHARACTER SET utf8 COLLATE utf8_bin NULL DEFAULT '0' COMMENT '状态（0正常 1暂停）',
  `create_by` varchar(64) CHARACTER SET utf8 COLLATE utf8_bin NULL DEFAULT '' COMMENT '创建者',
  `create_time` datetime NULL DEFAULT NULL COMMENT '创建时间',
  `update_by` varchar(64) CHARACTER SET utf8 COLLATE utf8_bin NULL DEFAULT '' COMMENT '更新者',
  `update_time` datetime NULL DEFAULT NULL COMMENT '更新时间',
  `remark` varchar(500) CHARACTER SET utf8 COLLATE utf8_bin NULL DEFAULT '' COMMENT '备注信息',
  PRIMARY KEY (`job_id`, `job_name`, `job_group`) USING BTREE
) ENGINE = InnoDB AUTO_INCREMENT = 4 CHARACTER SET = utf8 COLLATE = utf8_bin COMMENT = '定时任务调度表' ROW_FORMAT = Dynamic;

-- ----------------------------
-- Records of sys_job
-- ----------------------------
INSERT INTO `sys_job` VALUES (1, '系统默认（无参）', 'DEFAULT', 'ryTask.ryNoParams', '0/10 * * * * ?', '3', '1', '1', 'admin', '2025-04-03 09:03:39', '', NULL, '');
INSERT INTO `sys_job` VALUES (2, '系统默认（有参）', 'DEFAULT', 'ryTask.ryParams(\'ry\')', '0/15 * * * * ?', '3', '1', '1', 'admin', '2025-04-03 09:03:39', '', NULL, '');
INSERT INTO `sys_job` VALUES (3, '系统默认（多参）', 'DEFAULT', 'ryTask.ryMultipleParams(\'ry\', true, 2000L, 316.50D, 100)', '0/20 * * * * ?', '3', '1', '1', 'admin', '2025-04-03 09:03:39', '', NULL, '');

-- ----------------------------
-- Table structure for sys_job_log
-- ----------------------------
DROP TABLE IF EXISTS `sys_job_log`;
CREATE TABLE `sys_job_log`  (
  `job_log_id` bigint(20) NOT NULL AUTO_INCREMENT COMMENT '任务日志ID',
  `job_name` varchar(64) CHARACTER SET utf8 COLLATE utf8_bin NOT NULL COMMENT '任务名称',
  `job_group` varchar(64) CHARACTER SET utf8 COLLATE utf8_bin NOT NULL COMMENT '任务组名',
  `invoke_target` varchar(500) CHARACTER SET utf8 COLLATE utf8_bin NOT NULL COMMENT '调用目标字符串',
  `job_message` varchar(500) CHARACTER SET utf8 COLLATE utf8_bin NULL DEFAULT NULL COMMENT '日志信息',
  `status` char(1) CHARACTER SET utf8 COLLATE utf8_bin NULL DEFAULT '0' COMMENT '执行状态（0正常 1失败）',
  `exception_info` varchar(2000) CHARACTER SET utf8 COLLATE utf8_bin NULL DEFAULT '' COMMENT '异常信息',
  `create_time` datetime NULL DEFAULT NULL COMMENT '创建时间',
  PRIMARY KEY (`job_log_id`) USING BTREE
) ENGINE = InnoDB AUTO_INCREMENT = 1 CHARACTER SET = utf8 COLLATE = utf8_bin COMMENT = '定时任务调度日志表' ROW_FORMAT = Dynamic;

-- ----------------------------
-- Records of sys_job_log
-- ----------------------------

-- ----------------------------
-- Table structure for sys_logininfor
-- ----------------------------
DROP TABLE IF EXISTS `sys_logininfor`;
CREATE TABLE `sys_logininfor`  (
  `info_id` bigint(20) NOT NULL AUTO_INCREMENT COMMENT '访问ID',
  `user_name` varchar(50) CHARACTER SET utf8 COLLATE utf8_bin NULL DEFAULT '' COMMENT '用户账号',
  `ipaddr` varchar(128) CHARACTER SET utf8 COLLATE utf8_bin NULL DEFAULT '' COMMENT '登录IP地址',
  `login_location` varchar(255) CHARACTER SET utf8 COLLATE utf8_bin NULL DEFAULT '' COMMENT '登录地点',
  `browser` varchar(50) CHARACTER SET utf8 COLLATE utf8_bin NULL DEFAULT '' COMMENT '浏览器类型',
  `os` varchar(50) CHARACTER SET utf8 COLLATE utf8_bin NULL DEFAULT '' COMMENT '操作系统',
  `status` char(1) CHARACTER SET utf8 COLLATE utf8_bin NULL DEFAULT '0' COMMENT '登录状态（0成功 1失败）',
  `msg` varchar(255) CHARACTER SET utf8 COLLATE utf8_bin NULL DEFAULT '' COMMENT '提示消息',
  `login_time` datetime NULL DEFAULT NULL COMMENT '访问时间',
  PRIMARY KEY (`info_id`) USING BTREE,
  INDEX `idx_sys_logininfor_s`(`status`) USING BTREE,
  INDEX `idx_sys_logininfor_lt`(`login_time`) USING BTREE
) ENGINE = InnoDB AUTO_INCREMENT = 117 CHARACTER SET = utf8 COLLATE = utf8_bin COMMENT = '系统访问记录' ROW_FORMAT = Dynamic;

-- ----------------------------
-- Records of sys_logininfor
-- ----------------------------
INSERT INTO `sys_logininfor` VALUES (100, 'admin', '127.0.0.1', '内网IP', 'Chrome 13', 'Windows 10', '0', '登录成功', '2025-04-03 09:06:14');
INSERT INTO `sys_logininfor` VALUES (101, 'admin', '127.0.0.1', '内网IP', 'Chrome 13', 'Windows 10', '0', '退出成功', '2025-04-03 09:06:20');
INSERT INTO `sys_logininfor` VALUES (102, 'admin', '127.0.0.1', '内网IP', 'Chrome 13', 'Windows 10', '0', '登录成功', '2025-04-03 09:06:23');
INSERT INTO `sys_logininfor` VALUES (103, 'admin', '127.0.0.1', '内网IP', 'Chrome 13', 'Windows 10', '0', '登录成功', '2025-04-07 15:12:26');
INSERT INTO `sys_logininfor` VALUES (104, 'admin', '127.0.0.1', '内网IP', 'Chrome 13', 'Windows 10', '0', '登录成功', '2025-04-07 15:12:40');
INSERT INTO `sys_logininfor` VALUES (105, 'admin', '127.0.0.1', '内网IP', 'Chrome 13', 'Windows 10', '0', '登录成功', '2025-04-07 15:14:33');
INSERT INTO `sys_logininfor` VALUES (106, 'admin', '127.0.0.1', '内网IP', 'Chrome 13', 'Windows 10', '0', '登录成功', '2025-04-07 15:15:46');
INSERT INTO `sys_logininfor` VALUES (107, 'admin', '127.0.0.1', '内网IP', 'Chrome 13', 'Windows 10', '0', '登录成功', '2025-04-07 15:16:58');
INSERT INTO `sys_logininfor` VALUES (108, 'admin', '127.0.0.1', '内网IP', 'Chrome 13', 'Windows 10', '0', '登录成功', '2025-04-07 15:18:09');
INSERT INTO `sys_logininfor` VALUES (109, 'admin', '127.0.0.1', '内网IP', 'Chrome 13', 'Windows 10', '0', '登录成功', '2025-04-07 15:19:10');
INSERT INTO `sys_logininfor` VALUES (110, 'admin', '127.0.0.1', '内网IP', 'Chrome 13', 'Windows 10', '0', '登录成功', '2025-04-07 15:19:42');
INSERT INTO `sys_logininfor` VALUES (111, 'admin', '127.0.0.1', '内网IP', 'Chrome 13', 'Windows 10', '0', '登录成功', '2025-04-07 15:46:23');
INSERT INTO `sys_logininfor` VALUES (112, 'admin', '127.0.0.1', '内网IP', 'Chrome 13', 'Windows 10', '0', '登录成功', '2025-04-07 15:47:23');
INSERT INTO `sys_logininfor` VALUES (113, 'admin', '127.0.0.1', '内网IP', 'Chrome 13', 'Windows 10', '0', '退出成功', '2025-04-07 15:47:23');
INSERT INTO `sys_logininfor` VALUES (114, 'admin', '127.0.0.1', '内网IP', 'Chrome 13', 'Windows 10', '0', '登录成功', '2025-04-07 15:48:36');
INSERT INTO `sys_logininfor` VALUES (115, 'admin', '127.0.0.1', '内网IP', 'Chrome 13', 'Windows 10', '0', '退出成功', '2025-04-07 15:48:36');
INSERT INTO `sys_logininfor` VALUES (116, 'admin', '127.0.0.1', '内网IP', 'Chrome 13', 'Windows 10', '0', '登录成功', '2025-04-07 15:59:27');

-- ----------------------------
-- Table structure for sys_menu
-- ----------------------------
DROP TABLE IF EXISTS `sys_menu`;
CREATE TABLE `sys_menu`  (
  `menu_id` bigint(20) NOT NULL AUTO_INCREMENT COMMENT '菜单ID',
  `menu_name` varchar(50) CHARACTER SET utf8 COLLATE utf8_bin NOT NULL COMMENT '菜单名称',
  `parent_id` bigint(20) NULL DEFAULT 0 COMMENT '父菜单ID',
  `order_num` int(4) NULL DEFAULT 0 COMMENT '显示顺序',
  `path` varchar(200) CHARACTER SET utf8 COLLATE utf8_bin NULL DEFAULT '' COMMENT '路由地址',
  `component` varchar(255) CHARACTER SET utf8 COLLATE utf8_bin NULL DEFAULT NULL COMMENT '组件路径',
  `query` varchar(255) CHARACTER SET utf8 COLLATE utf8_bin NULL DEFAULT NULL COMMENT '路由参数',
  `route_name` varchar(50) CHARACTER SET utf8 COLLATE utf8_bin NULL DEFAULT '' COMMENT '路由名称',
  `is_frame` int(1) NULL DEFAULT 1 COMMENT '是否为外链（0是 1否）',
  `is_cache` int(1) NULL DEFAULT 0 COMMENT '是否缓存（0缓存 1不缓存）',
  `menu_type` char(1) CHARACTER SET utf8 COLLATE utf8_bin NULL DEFAULT '' COMMENT '菜单类型（M目录 C菜单 F按钮）',
  `visible` char(1) CHARACTER SET utf8 COLLATE utf8_bin NULL DEFAULT '0' COMMENT '菜单状态（0显示 1隐藏）',
  `status` char(1) CHARACTER SET utf8 COLLATE utf8_bin NULL DEFAULT '0' COMMENT '菜单状态（0正常 1停用）',
  `perms` varchar(100) CHARACTER SET utf8 COLLATE utf8_bin NULL DEFAULT NULL COMMENT '权限标识',
  `icon` varchar(100) CHARACTER SET utf8 COLLATE utf8_bin NULL DEFAULT '#' COMMENT '菜单图标',
  `create_by` varchar(64) CHARACTER SET utf8 COLLATE utf8_bin NULL DEFAULT '' COMMENT '创建者',
  `create_time` datetime NULL DEFAULT NULL COMMENT '创建时间',
  `update_by` varchar(64) CHARACTER SET utf8 COLLATE utf8_bin NULL DEFAULT '' COMMENT '更新者',
  `update_time` datetime NULL DEFAULT NULL COMMENT '更新时间',
  `remark` varchar(500) CHARACTER SET utf8 COLLATE utf8_bin NULL DEFAULT '' COMMENT '备注',
  PRIMARY KEY (`menu_id`) USING BTREE
) ENGINE = InnoDB AUTO_INCREMENT = 2001 CHARACTER SET = utf8 COLLATE = utf8_bin COMMENT = '菜单权限表' ROW_FORMAT = Dynamic;

-- ----------------------------
-- Records of sys_menu
-- ----------------------------
INSERT INTO `sys_menu` VALUES (1, '系统管理', 0, 17, 'system', NULL, '', '', 1, 0, 'M', '0', '0', '', 'system', 'admin', '2025-04-03 09:03:39', 'admin', '2025-04-03 09:07:49', '系统管理目录');
INSERT INTO `sys_menu` VALUES (2, '系统监控', 0, 18, 'monitor', NULL, '', '', 1, 0, 'M', '0', '0', '', 'monitor', 'admin', '2025-04-03 09:03:39', 'admin', '2025-04-03 09:07:45', '系统监控目录');
INSERT INTO `sys_menu` VALUES (3, '系统工具', 0, 19, 'tool', NULL, '', '', 1, 0, 'M', '0', '0', '', 'tool', 'admin', '2025-04-03 09:03:39', 'admin', '2025-04-03 09:07:41', '系统工具目录');
INSERT INTO `sys_menu` VALUES (4, '若依官网', 0, 20, 'http://ruoyi.vip', NULL, '', '', 0, 0, 'M', '0', '0', '', 'guide', 'admin', '2025-04-03 09:03:39', 'admin', '2025-04-03 09:07:37', '若依官网地址');
INSERT INTO `sys_menu` VALUES (100, '用户管理', 1, 1, 'user', 'system/user/index', '', '', 1, 0, 'C', '0', '0', 'system:user:list', 'user', 'admin', '2025-04-03 09:03:39', '', NULL, '用户管理菜单');
INSERT INTO `sys_menu` VALUES (101, '角色管理', 1, 2, 'role', 'system/role/index', '', '', 1, 0, 'C', '0', '0', 'system:role:list', 'peoples', 'admin', '2025-04-03 09:03:39', '', NULL, '角色管理菜单');
INSERT INTO `sys_menu` VALUES (102, '菜单管理', 1, 3, 'menu', 'system/menu/index', '', '', 1, 0, 'C', '0', '0', 'system:menu:list', 'tree-table', 'admin', '2025-04-03 09:03:39', '', NULL, '菜单管理菜单');
INSERT INTO `sys_menu` VALUES (103, '部门管理', 1, 4, 'dept', 'system/dept/index', '', '', 1, 0, 'C', '0', '0', 'system:dept:list', 'tree', 'admin', '2025-04-03 09:03:39', '', NULL, '部门管理菜单');
INSERT INTO `sys_menu` VALUES (104, '岗位管理', 1, 5, 'post', 'system/post/index', '', '', 1, 0, 'C', '0', '0', 'system:post:list', 'post', 'admin', '2025-04-03 09:03:39', '', NULL, '岗位管理菜单');
INSERT INTO `sys_menu` VALUES (105, '字典管理', 1, 6, 'dict', 'system/dict/index', '', '', 1, 0, 'C', '0', '0', 'system:dict:list', 'dict', 'admin', '2025-04-03 09:03:39', '', NULL, '字典管理菜单');
INSERT INTO `sys_menu` VALUES (106, '参数设置', 1, 7, 'config', 'system/config/index', '', '', 1, 0, 'C', '0', '0', 'system:config:list', 'edit', 'admin', '2025-04-03 09:03:39', '', NULL, '参数设置菜单');
INSERT INTO `sys_menu` VALUES (107, '通知公告', 1, 8, 'notice', 'system/notice/index', '', '', 1, 0, 'C', '0', '0', 'system:notice:list', 'message', 'admin', '2025-04-03 09:03:39', '', NULL, '通知公告菜单');
INSERT INTO `sys_menu` VALUES (108, '日志管理', 1, 9, 'log', '', '', '', 1, 0, 'M', '0', '0', '', 'log', 'admin', '2025-04-03 09:03:39', '', NULL, '日志管理菜单');
INSERT INTO `sys_menu` VALUES (109, '在线用户', 2, 1, 'online', 'monitor/online/index', '', '', 1, 0, 'C', '0', '0', 'monitor:online:list', 'online', 'admin', '2025-04-03 09:03:39', '', NULL, '在线用户菜单');
INSERT INTO `sys_menu` VALUES (110, '定时任务', 2, 2, 'job', 'monitor/job/index', '', '', 1, 0, 'C', '0', '0', 'monitor:job:list', 'job', 'admin', '2025-04-03 09:03:39', '', NULL, '定时任务菜单');
INSERT INTO `sys_menu` VALUES (111, '数据监控', 2, 3, 'druid', 'monitor/druid/index', '', '', 1, 0, 'C', '0', '0', 'monitor:druid:list', 'druid', 'admin', '2025-04-03 09:03:39', '', NULL, '数据监控菜单');
INSERT INTO `sys_menu` VALUES (112, '服务监控', 2, 4, 'server', 'monitor/server/index', '', '', 1, 0, 'C', '0', '0', 'monitor:server:list', 'server', 'admin', '2025-04-03 09:03:39', '', NULL, '服务监控菜单');
INSERT INTO `sys_menu` VALUES (113, '缓存监控', 2, 5, 'cache', 'monitor/cache/index', '', '', 1, 0, 'C', '0', '0', 'monitor:cache:list', 'redis', 'admin', '2025-04-03 09:03:39', '', NULL, '缓存监控菜单');
INSERT INTO `sys_menu` VALUES (114, '缓存列表', 2, 6, 'cacheList', 'monitor/cache/list', '', '', 1, 0, 'C', '0', '0', 'monitor:cache:list', 'redis-list', 'admin', '2025-04-03 09:03:39', '', NULL, '缓存列表菜单');
INSERT INTO `sys_menu` VALUES (115, '表单构建', 3, 1, 'build', 'tool/build/index', '', '', 1, 0, 'C', '0', '0', 'tool:build:list', 'build', 'admin', '2025-04-03 09:03:39', '', NULL, '表单构建菜单');
INSERT INTO `sys_menu` VALUES (116, '代码生成', 3, 2, 'gen', 'tool/gen/index', '', '', 1, 0, 'C', '0', '0', 'tool:gen:list', 'code', 'admin', '2025-04-03 09:03:39', '', NULL, '代码生成菜单');
INSERT INTO `sys_menu` VALUES (117, '系统接口', 3, 3, 'swagger', 'tool/swagger/index', '', '', 1, 0, 'C', '0', '0', 'tool:swagger:list', 'swagger', 'admin', '2025-04-03 09:03:39', '', NULL, '系统接口菜单');
INSERT INTO `sys_menu` VALUES (500, '操作日志', 108, 1, 'operlog', 'monitor/operlog/index', '', '', 1, 0, 'C', '0', '0', 'monitor:operlog:list', 'form', 'admin', '2025-04-03 09:03:39', '', NULL, '操作日志菜单');
INSERT INTO `sys_menu` VALUES (501, '登录日志', 108, 2, 'logininfor', 'monitor/logininfor/index', '', '', 1, 0, 'C', '0', '0', 'monitor:logininfor:list', 'logininfor', 'admin', '2025-04-03 09:03:39', '', NULL, '登录日志菜单');
INSERT INTO `sys_menu` VALUES (1000, '用户查询', 100, 1, '', '', '', '', 1, 0, 'F', '0', '0', 'system:user:query', '#', 'admin', '2025-04-03 09:03:39', '', NULL, '');
INSERT INTO `sys_menu` VALUES (1001, '用户新增', 100, 2, '', '', '', '', 1, 0, 'F', '0', '0', 'system:user:add', '#', 'admin', '2025-04-03 09:03:39', '', NULL, '');
INSERT INTO `sys_menu` VALUES (1002, '用户修改', 100, 3, '', '', '', '', 1, 0, 'F', '0', '0', 'system:user:edit', '#', 'admin', '2025-04-03 09:03:39', '', NULL, '');
INSERT INTO `sys_menu` VALUES (1003, '用户删除', 100, 4, '', '', '', '', 1, 0, 'F', '0', '0', 'system:user:remove', '#', 'admin', '2025-04-03 09:03:39', '', NULL, '');
INSERT INTO `sys_menu` VALUES (1004, '用户导出', 100, 5, '', '', '', '', 1, 0, 'F', '0', '0', 'system:user:export', '#', 'admin', '2025-04-03 09:03:39', '', NULL, '');
INSERT INTO `sys_menu` VALUES (1005, '用户导入', 100, 6, '', '', '', '', 1, 0, 'F', '0', '0', 'system:user:import', '#', 'admin', '2025-04-03 09:03:39', '', NULL, '');
INSERT INTO `sys_menu` VALUES (1006, '重置密码', 100, 7, '', '', '', '', 1, 0, 'F', '0', '0', 'system:user:resetPwd', '#', 'admin', '2025-04-03 09:03:39', '', NULL, '');
INSERT INTO `sys_menu` VALUES (1007, '角色查询', 101, 1, '', '', '', '', 1, 0, 'F', '0', '0', 'system:role:query', '#', 'admin', '2025-04-03 09:03:39', '', NULL, '');
INSERT INTO `sys_menu` VALUES (1008, '角色新增', 101, 2, '', '', '', '', 1, 0, 'F', '0', '0', 'system:role:add', '#', 'admin', '2025-04-03 09:03:39', '', NULL, '');
INSERT INTO `sys_menu` VALUES (1009, '角色修改', 101, 3, '', '', '', '', 1, 0, 'F', '0', '0', 'system:role:edit', '#', 'admin', '2025-04-03 09:03:39', '', NULL, '');
INSERT INTO `sys_menu` VALUES (1010, '角色删除', 101, 4, '', '', '', '', 1, 0, 'F', '0', '0', 'system:role:remove', '#', 'admin', '2025-04-03 09:03:39', '', NULL, '');
INSERT INTO `sys_menu` VALUES (1011, '角色导出', 101, 5, '', '', '', '', 1, 0, 'F', '0', '0', 'system:role:export', '#', 'admin', '2025-04-03 09:03:39', '', NULL, '');
INSERT INTO `sys_menu` VALUES (1012, '菜单查询', 102, 1, '', '', '', '', 1, 0, 'F', '0', '0', 'system:menu:query', '#', 'admin', '2025-04-03 09:03:39', '', NULL, '');
INSERT INTO `sys_menu` VALUES (1013, '菜单新增', 102, 2, '', '', '', '', 1, 0, 'F', '0', '0', 'system:menu:add', '#', 'admin', '2025-04-03 09:03:39', '', NULL, '');
INSERT INTO `sys_menu` VALUES (1014, '菜单修改', 102, 3, '', '', '', '', 1, 0, 'F', '0', '0', 'system:menu:edit', '#', 'admin', '2025-04-03 09:03:39', '', NULL, '');
INSERT INTO `sys_menu` VALUES (1015, '菜单删除', 102, 4, '', '', '', '', 1, 0, 'F', '0', '0', 'system:menu:remove', '#', 'admin', '2025-04-03 09:03:39', '', NULL, '');
INSERT INTO `sys_menu` VALUES (1016, '部门查询', 103, 1, '', '', '', '', 1, 0, 'F', '0', '0', 'system:dept:query', '#', 'admin', '2025-04-03 09:03:39', '', NULL, '');
INSERT INTO `sys_menu` VALUES (1017, '部门新增', 103, 2, '', '', '', '', 1, 0, 'F', '0', '0', 'system:dept:add', '#', 'admin', '2025-04-03 09:03:39', '', NULL, '');
INSERT INTO `sys_menu` VALUES (1018, '部门修改', 103, 3, '', '', '', '', 1, 0, 'F', '0', '0', 'system:dept:edit', '#', 'admin', '2025-04-03 09:03:39', '', NULL, '');
INSERT INTO `sys_menu` VALUES (1019, '部门删除', 103, 4, '', '', '', '', 1, 0, 'F', '0', '0', 'system:dept:remove', '#', 'admin', '2025-04-03 09:03:39', '', NULL, '');
INSERT INTO `sys_menu` VALUES (1020, '岗位查询', 104, 1, '', '', '', '', 1, 0, 'F', '0', '0', 'system:post:query', '#', 'admin', '2025-04-03 09:03:39', '', NULL, '');
INSERT INTO `sys_menu` VALUES (1021, '岗位新增', 104, 2, '', '', '', '', 1, 0, 'F', '0', '0', 'system:post:add', '#', 'admin', '2025-04-03 09:03:39', '', NULL, '');
INSERT INTO `sys_menu` VALUES (1022, '岗位修改', 104, 3, '', '', '', '', 1, 0, 'F', '0', '0', 'system:post:edit', '#', 'admin', '2025-04-03 09:03:39', '', NULL, '');
INSERT INTO `sys_menu` VALUES (1023, '岗位删除', 104, 4, '', '', '', '', 1, 0, 'F', '0', '0', 'system:post:remove', '#', 'admin', '2025-04-03 09:03:39', '', NULL, '');
INSERT INTO `sys_menu` VALUES (1024, '岗位导出', 104, 5, '', '', '', '', 1, 0, 'F', '0', '0', 'system:post:export', '#', 'admin', '2025-04-03 09:03:39', '', NULL, '');
INSERT INTO `sys_menu` VALUES (1025, '字典查询', 105, 1, '#', '', '', '', 1, 0, 'F', '0', '0', 'system:dict:query', '#', 'admin', '2025-04-03 09:03:39', '', NULL, '');
INSERT INTO `sys_menu` VALUES (1026, '字典新增', 105, 2, '#', '', '', '', 1, 0, 'F', '0', '0', 'system:dict:add', '#', 'admin', '2025-04-03 09:03:39', '', NULL, '');
INSERT INTO `sys_menu` VALUES (1027, '字典修改', 105, 3, '#', '', '', '', 1, 0, 'F', '0', '0', 'system:dict:edit', '#', 'admin', '2025-04-03 09:03:39', '', NULL, '');
INSERT INTO `sys_menu` VALUES (1028, '字典删除', 105, 4, '#', '', '', '', 1, 0, 'F', '0', '0', 'system:dict:remove', '#', 'admin', '2025-04-03 09:03:39', '', NULL, '');
INSERT INTO `sys_menu` VALUES (1029, '字典导出', 105, 5, '#', '', '', '', 1, 0, 'F', '0', '0', 'system:dict:export', '#', 'admin', '2025-04-03 09:03:39', '', NULL, '');
INSERT INTO `sys_menu` VALUES (1030, '参数查询', 106, 1, '#', '', '', '', 1, 0, 'F', '0', '0', 'system:config:query', '#', 'admin', '2025-04-03 09:03:39', '', NULL, '');
INSERT INTO `sys_menu` VALUES (1031, '参数新增', 106, 2, '#', '', '', '', 1, 0, 'F', '0', '0', 'system:config:add', '#', 'admin', '2025-04-03 09:03:39', '', NULL, '');
INSERT INTO `sys_menu` VALUES (1032, '参数修改', 106, 3, '#', '', '', '', 1, 0, 'F', '0', '0', 'system:config:edit', '#', 'admin', '2025-04-03 09:03:39', '', NULL, '');
INSERT INTO `sys_menu` VALUES (1033, '参数删除', 106, 4, '#', '', '', '', 1, 0, 'F', '0', '0', 'system:config:remove', '#', 'admin', '2025-04-03 09:03:39', '', NULL, '');
INSERT INTO `sys_menu` VALUES (1034, '参数导出', 106, 5, '#', '', '', '', 1, 0, 'F', '0', '0', 'system:config:export', '#', 'admin', '2025-04-03 09:03:39', '', NULL, '');
INSERT INTO `sys_menu` VALUES (1035, '公告查询', 107, 1, '#', '', '', '', 1, 0, 'F', '0', '0', 'system:notice:query', '#', 'admin', '2025-04-03 09:03:39', '', NULL, '');
INSERT INTO `sys_menu` VALUES (1036, '公告新增', 107, 2, '#', '', '', '', 1, 0, 'F', '0', '0', 'system:notice:add', '#', 'admin', '2025-04-03 09:03:39', '', NULL, '');
INSERT INTO `sys_menu` VALUES (1037, '公告修改', 107, 3, '#', '', '', '', 1, 0, 'F', '0', '0', 'system:notice:edit', '#', 'admin', '2025-04-03 09:03:39', '', NULL, '');
INSERT INTO `sys_menu` VALUES (1038, '公告删除', 107, 4, '#', '', '', '', 1, 0, 'F', '0', '0', 'system:notice:remove', '#', 'admin', '2025-04-03 09:03:39', '', NULL, '');
INSERT INTO `sys_menu` VALUES (1039, '操作查询', 500, 1, '#', '', '', '', 1, 0, 'F', '0', '0', 'monitor:operlog:query', '#', 'admin', '2025-04-03 09:03:39', '', NULL, '');
INSERT INTO `sys_menu` VALUES (1040, '操作删除', 500, 2, '#', '', '', '', 1, 0, 'F', '0', '0', 'monitor:operlog:remove', '#', 'admin', '2025-04-03 09:03:39', '', NULL, '');
INSERT INTO `sys_menu` VALUES (1041, '日志导出', 500, 3, '#', '', '', '', 1, 0, 'F', '0', '0', 'monitor:operlog:export', '#', 'admin', '2025-04-03 09:03:39', '', NULL, '');
INSERT INTO `sys_menu` VALUES (1042, '登录查询', 501, 1, '#', '', '', '', 1, 0, 'F', '0', '0', 'monitor:logininfor:query', '#', 'admin', '2025-04-03 09:03:39', '', NULL, '');
INSERT INTO `sys_menu` VALUES (1043, '登录删除', 501, 2, '#', '', '', '', 1, 0, 'F', '0', '0', 'monitor:logininfor:remove', '#', 'admin', '2025-04-03 09:03:39', '', NULL, '');
INSERT INTO `sys_menu` VALUES (1044, '日志导出', 501, 3, '#', '', '', '', 1, 0, 'F', '0', '0', 'monitor:logininfor:export', '#', 'admin', '2025-04-03 09:03:39', '', NULL, '');
INSERT INTO `sys_menu` VALUES (1045, '账户解锁', 501, 4, '#', '', '', '', 1, 0, 'F', '0', '0', 'monitor:logininfor:unlock', '#', 'admin', '2025-04-03 09:03:39', '', NULL, '');
INSERT INTO `sys_menu` VALUES (1046, '在线查询', 109, 1, '#', '', '', '', 1, 0, 'F', '0', '0', 'monitor:online:query', '#', 'admin', '2025-04-03 09:03:39', '', NULL, '');
INSERT INTO `sys_menu` VALUES (1047, '批量强退', 109, 2, '#', '', '', '', 1, 0, 'F', '0', '0', 'monitor:online:batchLogout', '#', 'admin', '2025-04-03 09:03:39', '', NULL, '');
INSERT INTO `sys_menu` VALUES (1048, '单条强退', 109, 3, '#', '', '', '', 1, 0, 'F', '0', '0', 'monitor:online:forceLogout', '#', 'admin', '2025-04-03 09:03:39', '', NULL, '');
INSERT INTO `sys_menu` VALUES (1049, '任务查询', 110, 1, '#', '', '', '', 1, 0, 'F', '0', '0', 'monitor:job:query', '#', 'admin', '2025-04-03 09:03:39', '', NULL, '');
INSERT INTO `sys_menu` VALUES (1050, '任务新增', 110, 2, '#', '', '', '', 1, 0, 'F', '0', '0', 'monitor:job:add', '#', 'admin', '2025-04-03 09:03:39', '', NULL, '');
INSERT INTO `sys_menu` VALUES (1051, '任务修改', 110, 3, '#', '', '', '', 1, 0, 'F', '0', '0', 'monitor:job:edit', '#', 'admin', '2025-04-03 09:03:39', '', NULL, '');
INSERT INTO `sys_menu` VALUES (1052, '任务删除', 110, 4, '#', '', '', '', 1, 0, 'F', '0', '0', 'monitor:job:remove', '#', 'admin', '2025-04-03 09:03:39', '', NULL, '');
INSERT INTO `sys_menu` VALUES (1053, '状态修改', 110, 5, '#', '', '', '', 1, 0, 'F', '0', '0', 'monitor:job:changeStatus', '#', 'admin', '2025-04-03 09:03:39', '', NULL, '');
INSERT INTO `sys_menu` VALUES (1054, '任务导出', 110, 6, '#', '', '', '', 1, 0, 'F', '0', '0', 'monitor:job:export', '#', 'admin', '2025-04-03 09:03:39', '', NULL, '');
INSERT INTO `sys_menu` VALUES (1055, '生成查询', 116, 1, '#', '', '', '', 1, 0, 'F', '0', '0', 'tool:gen:query', '#', 'admin', '2025-04-03 09:03:39', '', NULL, '');
INSERT INTO `sys_menu` VALUES (1056, '生成修改', 116, 2, '#', '', '', '', 1, 0, 'F', '0', '0', 'tool:gen:edit', '#', 'admin', '2025-04-03 09:03:39', '', NULL, '');
INSERT INTO `sys_menu` VALUES (1057, '生成删除', 116, 3, '#', '', '', '', 1, 0, 'F', '0', '0', 'tool:gen:remove', '#', 'admin', '2025-04-03 09:03:39', '', NULL, '');
INSERT INTO `sys_menu` VALUES (1058, '导入代码', 116, 4, '#', '', '', '', 1, 0, 'F', '0', '0', 'tool:gen:import', '#', 'admin', '2025-04-03 09:03:39', '', NULL, '');
INSERT INTO `sys_menu` VALUES (1059, '预览代码', 116, 5, '#', '', '', '', 1, 0, 'F', '0', '0', 'tool:gen:preview', '#', 'admin', '2025-04-03 09:03:39', '', NULL, '');
INSERT INTO `sys_menu` VALUES (1060, '生成代码', 116, 6, '#', '', '', '', 1, 0, 'F', '0', '0', 'tool:gen:code', '#', 'admin', '2025-04-03 09:03:39', '', NULL, '');
INSERT INTO `sys_menu` VALUES (2000, '节点管理', 0, 16, 'node', 'wvp/wvpMediaServer/index', NULL, 'node', 1, 0, 'C', '0', '0', '', 'list', 'admin', '2025-04-03 09:08:16', 'admin', '2025-04-03 09:26:05', '');

-- ----------------------------
-- Table structure for sys_notice
-- ----------------------------
DROP TABLE IF EXISTS `sys_notice`;
CREATE TABLE `sys_notice`  (
  `notice_id` int(4) NOT NULL AUTO_INCREMENT COMMENT '公告ID',
  `notice_title` varchar(50) CHARACTER SET utf8 COLLATE utf8_bin NOT NULL COMMENT '公告标题',
  `notice_type` char(1) CHARACTER SET utf8 COLLATE utf8_bin NOT NULL COMMENT '公告类型（1通知 2公告）',
  `notice_content` longblob NULL COMMENT '公告内容',
  `status` char(1) CHARACTER SET utf8 COLLATE utf8_bin NULL DEFAULT '0' COMMENT '公告状态（0正常 1关闭）',
  `create_by` varchar(64) CHARACTER SET utf8 COLLATE utf8_bin NULL DEFAULT '' COMMENT '创建者',
  `create_time` datetime NULL DEFAULT NULL COMMENT '创建时间',
  `update_by` varchar(64) CHARACTER SET utf8 COLLATE utf8_bin NULL DEFAULT '' COMMENT '更新者',
  `update_time` datetime NULL DEFAULT NULL COMMENT '更新时间',
  `remark` varchar(255) CHARACTER SET utf8 COLLATE utf8_bin NULL DEFAULT NULL COMMENT '备注',
  PRIMARY KEY (`notice_id`) USING BTREE
) ENGINE = InnoDB AUTO_INCREMENT = 3 CHARACTER SET = utf8 COLLATE = utf8_bin COMMENT = '通知公告表' ROW_FORMAT = Dynamic;

-- ----------------------------
-- Records of sys_notice
-- ----------------------------
INSERT INTO `sys_notice` VALUES (1, '温馨提醒：2018-07-01 若依新版本发布啦', '2', 0xE696B0E78988E69CACE58685E5AEB9, '0', 'admin', '2025-04-03 09:03:39', '', NULL, '管理员');
INSERT INTO `sys_notice` VALUES (2, '维护通知：2018-07-01 若依系统凌晨维护', '1', 0xE7BBB4E68AA4E58685E5AEB9, '0', 'admin', '2025-04-03 09:03:39', '', NULL, '管理员');

-- ----------------------------
-- Table structure for sys_oper_log
-- ----------------------------
DROP TABLE IF EXISTS `sys_oper_log`;
CREATE TABLE `sys_oper_log`  (
  `oper_id` bigint(20) NOT NULL AUTO_INCREMENT COMMENT '日志主键',
  `title` varchar(50) CHARACTER SET utf8 COLLATE utf8_bin NULL DEFAULT '' COMMENT '模块标题',
  `business_type` int(2) NULL DEFAULT 0 COMMENT '业务类型（0其它 1新增 2修改 3删除）',
  `method` varchar(200) CHARACTER SET utf8 COLLATE utf8_bin NULL DEFAULT '' COMMENT '方法名称',
  `request_method` varchar(10) CHARACTER SET utf8 COLLATE utf8_bin NULL DEFAULT '' COMMENT '请求方式',
  `operator_type` int(1) NULL DEFAULT 0 COMMENT '操作类别（0其它 1后台用户 2手机端用户）',
  `oper_name` varchar(50) CHARACTER SET utf8 COLLATE utf8_bin NULL DEFAULT '' COMMENT '操作人员',
  `dept_name` varchar(50) CHARACTER SET utf8 COLLATE utf8_bin NULL DEFAULT '' COMMENT '部门名称',
  `oper_url` varchar(255) CHARACTER SET utf8 COLLATE utf8_bin NULL DEFAULT '' COMMENT '请求URL',
  `oper_ip` varchar(128) CHARACTER SET utf8 COLLATE utf8_bin NULL DEFAULT '' COMMENT '主机地址',
  `oper_location` varchar(255) CHARACTER SET utf8 COLLATE utf8_bin NULL DEFAULT '' COMMENT '操作地点',
  `oper_param` varchar(2000) CHARACTER SET utf8 COLLATE utf8_bin NULL DEFAULT '' COMMENT '请求参数',
  `json_result` varchar(2000) CHARACTER SET utf8 COLLATE utf8_bin NULL DEFAULT '' COMMENT '返回参数',
  `status` int(1) NULL DEFAULT 0 COMMENT '操作状态（0正常 1异常）',
  `error_msg` varchar(2000) CHARACTER SET utf8 COLLATE utf8_bin NULL DEFAULT '' COMMENT '错误消息',
  `oper_time` datetime NULL DEFAULT NULL COMMENT '操作时间',
  `cost_time` bigint(20) NULL DEFAULT 0 COMMENT '消耗时间',
  PRIMARY KEY (`oper_id`) USING BTREE,
  INDEX `idx_sys_oper_log_bt`(`business_type`) USING BTREE,
  INDEX `idx_sys_oper_log_s`(`status`) USING BTREE,
  INDEX `idx_sys_oper_log_ot`(`oper_time`) USING BTREE
) ENGINE = InnoDB AUTO_INCREMENT = 120 CHARACTER SET = utf8 COLLATE = utf8_bin COMMENT = '操作日志记录' ROW_FORMAT = Dynamic;

-- ----------------------------
-- Records of sys_oper_log
-- ----------------------------
INSERT INTO `sys_oper_log` VALUES (100, '菜单管理', 3, 'com.ruoyi.web.controller.system.SysMenuController.remove()', 'DELETE', 1, 'admin', '研发部门', '/system/menu/4', '127.0.0.1', '内网IP', '4', '{\"msg\":\"菜单已分配,不允许删除\",\"code\":601}', 0, NULL, '2025-04-03 09:07:32', 18);
INSERT INTO `sys_oper_log` VALUES (101, '菜单管理', 2, 'com.ruoyi.web.controller.system.SysMenuController.edit()', 'PUT', 1, 'admin', '研发部门', '/system/menu', '127.0.0.1', '内网IP', '{\"children\":[],\"createTime\":\"2025-04-03 09:03:39\",\"icon\":\"guide\",\"isCache\":\"0\",\"isFrame\":\"0\",\"menuId\":4,\"menuName\":\"若依官网\",\"menuType\":\"M\",\"orderNum\":20,\"params\":{},\"parentId\":0,\"path\":\"http://ruoyi.vip\",\"perms\":\"\",\"query\":\"\",\"routeName\":\"\",\"status\":\"0\",\"updateBy\":\"admin\",\"visible\":\"0\"}', '{\"msg\":\"操作成功\",\"code\":200}', 0, NULL, '2025-04-03 09:07:37', 20);
INSERT INTO `sys_oper_log` VALUES (102, '菜单管理', 2, 'com.ruoyi.web.controller.system.SysMenuController.edit()', 'PUT', 1, 'admin', '研发部门', '/system/menu', '127.0.0.1', '内网IP', '{\"children\":[],\"createTime\":\"2025-04-03 09:03:39\",\"icon\":\"tool\",\"isCache\":\"0\",\"isFrame\":\"1\",\"menuId\":3,\"menuName\":\"系统工具\",\"menuType\":\"M\",\"orderNum\":19,\"params\":{},\"parentId\":0,\"path\":\"tool\",\"perms\":\"\",\"query\":\"\",\"routeName\":\"\",\"status\":\"0\",\"updateBy\":\"admin\",\"visible\":\"0\"}', '{\"msg\":\"操作成功\",\"code\":200}', 0, NULL, '2025-04-03 09:07:41', 17);
INSERT INTO `sys_oper_log` VALUES (103, '菜单管理', 2, 'com.ruoyi.web.controller.system.SysMenuController.edit()', 'PUT', 1, 'admin', '研发部门', '/system/menu', '127.0.0.1', '内网IP', '{\"children\":[],\"createTime\":\"2025-04-03 09:03:39\",\"icon\":\"monitor\",\"isCache\":\"0\",\"isFrame\":\"1\",\"menuId\":2,\"menuName\":\"系统监控\",\"menuType\":\"M\",\"orderNum\":18,\"params\":{},\"parentId\":0,\"path\":\"monitor\",\"perms\":\"\",\"query\":\"\",\"routeName\":\"\",\"status\":\"0\",\"updateBy\":\"admin\",\"visible\":\"0\"}', '{\"msg\":\"操作成功\",\"code\":200}', 0, NULL, '2025-04-03 09:07:45', 13);
INSERT INTO `sys_oper_log` VALUES (104, '菜单管理', 2, 'com.ruoyi.web.controller.system.SysMenuController.edit()', 'PUT', 1, 'admin', '研发部门', '/system/menu', '127.0.0.1', '内网IP', '{\"children\":[],\"createTime\":\"2025-04-03 09:03:39\",\"icon\":\"system\",\"isCache\":\"0\",\"isFrame\":\"1\",\"menuId\":1,\"menuName\":\"系统管理\",\"menuType\":\"M\",\"orderNum\":17,\"params\":{},\"parentId\":0,\"path\":\"system\",\"perms\":\"\",\"query\":\"\",\"routeName\":\"\",\"status\":\"0\",\"updateBy\":\"admin\",\"visible\":\"0\"}', '{\"msg\":\"操作成功\",\"code\":200}', 0, NULL, '2025-04-03 09:07:49', 11);
INSERT INTO `sys_oper_log` VALUES (105, '菜单管理', 1, 'com.ruoyi.web.controller.system.SysMenuController.add()', 'POST', 1, 'admin', '研发部门', '/system/menu', '127.0.0.1', '内网IP', '{\"children\":[],\"createBy\":\"admin\",\"icon\":\"list\",\"isCache\":\"0\",\"isFrame\":\"1\",\"menuName\":\"节点管理\",\"menuType\":\"C\",\"orderNum\":16,\"params\":{},\"parentId\":0,\"path\":\"node\",\"routeName\":\"node\",\"status\":\"0\",\"visible\":\"0\"}', '{\"msg\":\"操作成功\",\"code\":200}', 0, NULL, '2025-04-03 09:08:16', 11);
INSERT INTO `sys_oper_log` VALUES (106, '菜单管理', 2, 'com.ruoyi.web.controller.system.SysMenuController.edit()', 'PUT', 1, 'admin', '研发部门', '/system/menu', '127.0.0.1', '内网IP', '{\"children\":[],\"component\":\"node/index\",\"createTime\":\"2025-04-03 09:08:16\",\"icon\":\"list\",\"isCache\":\"0\",\"isFrame\":\"1\",\"menuId\":2000,\"menuName\":\"节点管理\",\"menuType\":\"C\",\"orderNum\":16,\"params\":{},\"parentId\":0,\"path\":\"node\",\"perms\":\"\",\"routeName\":\"node\",\"status\":\"0\",\"updateBy\":\"admin\",\"visible\":\"0\"}', '{\"msg\":\"操作成功\",\"code\":200}', 0, NULL, '2025-04-03 09:08:54', 17);
INSERT INTO `sys_oper_log` VALUES (107, '代码生成', 6, 'com.ruoyi.generator.controller.GenController.importTableSave()', 'POST', 1, 'admin', '研发部门', '/tool/gen/importTable', '127.0.0.1', '内网IP', '{\"tables\":\"wvp_media_server\"}', '{\"msg\":\"操作成功\",\"code\":200}', 0, NULL, '2025-04-03 09:20:02', 150);
INSERT INTO `sys_oper_log` VALUES (108, '代码生成', 2, 'com.ruoyi.generator.controller.GenController.editSave()', 'PUT', 1, 'admin', '研发部门', '/tool/gen', '127.0.0.1', '内网IP', '{\"businessName\":\"wvpMediaServer\",\"className\":\"WvpMediaServer\",\"columns\":[{\"capJavaField\":\"Id\",\"columnComment\":\"记录的唯一标识符\",\"columnId\":1,\"columnName\":\"id\",\"columnType\":\"varchar(255)\",\"createBy\":\"admin\",\"createTime\":\"2025-04-03 09:20:02\",\"dictType\":\"\",\"edit\":false,\"htmlType\":\"input\",\"increment\":false,\"insert\":true,\"isIncrement\":\"0\",\"isInsert\":\"1\",\"isPk\":\"1\",\"isRequired\":\"0\",\"javaField\":\"id\",\"javaType\":\"String\",\"list\":false,\"params\":{},\"pk\":true,\"query\":false,\"queryType\":\"EQ\",\"required\":false,\"sort\":1,\"superColumn\":false,\"tableId\":1,\"updateBy\":\"\",\"usableColumn\":false},{\"capJavaField\":\"Ip\",\"columnComment\":\"服务器绑定的 IP 地址\",\"columnId\":2,\"columnName\":\"ip\",\"columnType\":\"varchar(50)\",\"createBy\":\"admin\",\"createTime\":\"2025-04-03 09:20:02\",\"dictType\":\"\",\"edit\":true,\"htmlType\":\"input\",\"increment\":false,\"insert\":true,\"isEdit\":\"1\",\"isIncrement\":\"0\",\"isInsert\":\"1\",\"isList\":\"1\",\"isPk\":\"0\",\"isQuery\":\"1\",\"isRequired\":\"0\",\"javaField\":\"ip\",\"javaType\":\"String\",\"list\":true,\"params\":{},\"pk\":false,\"query\":true,\"queryType\":\"EQ\",\"required\":false,\"sort\":2,\"superColumn\":false,\"tableId\":1,\"updateBy\":\"\",\"usableColumn\":false},{\"capJavaField\":\"HookIp\",\"columnComment\":\"接收回调通知的 IP 地址\",\"columnId\":3,\"columnName\":\"hook_ip\",\"columnType\":\"varchar(50)\",\"createBy\":\"admin\",\"createTime\":\"2025-04-03 09:20:02\",\"dictType\":\"\",\"edit\":true,\"htmlType\":\"input\",\"increment\":false,\"insert\":true,\"isEdit\":\"1\",\"isIncrement\":\"0\",\"isInsert\":\"1\",\"isList\":\"1\",\"isPk\":\"0\",\"isQuery\":\"1\",\"isRequired\":\"0\",\"javaField\":\"hookIp\",\"javaType\":\"String\",\"list\":true,\"params\":{},\"pk\":false,\"query\":true,\"queryType\":\"EQ\",\"required\":false,\"sort\":3,\"superColumn\":false,\"tableId\":1,\"updateBy\":\"\",\"usableColumn\":false},{\"capJavaField\":\"SdpIp\",\"columnComment\":\"SDP 协议使用的 IP 地址\",\"columnId\":4,\"columnName\":\"sdp_ip\",\"columnType\":\"varchar(50)\",\"createBy\":\"admin\",\"createTime\":\"2025-04-03 09:20:02\",\"dictType\":\"\",\"edit\":true,\"htmlType\":\"input\",\"increment\":false,\"insert\":true,\"isEdit\":\"1\",\"isIncrement\":\"0\",\"isInsert\":\"1\",\"isList\":\"1\",\"isPk\":\"0\",\"isQuery\":\"1\",\"isRe', '{\"msg\":\"操作成功\",\"code\":200}', 0, NULL, '2025-04-03 09:21:27', 99);
INSERT INTO `sys_oper_log` VALUES (109, '代码生成', 2, 'com.ruoyi.generator.controller.GenController.synchDb()', 'GET', 1, 'admin', '研发部门', '/tool/gen/synchDb/wvp_media_server', '127.0.0.1', '内网IP', '{}', '{\"msg\":\"操作成功\",\"code\":200}', 0, NULL, '2025-04-03 09:22:11', 124);
INSERT INTO `sys_oper_log` VALUES (110, '代码生成', 2, 'com.ruoyi.generator.controller.GenController.editSave()', 'PUT', 1, 'admin', '研发部门', '/tool/gen', '127.0.0.1', '内网IP', '{\"businessName\":\"wvpMediaServer\",\"className\":\"WvpMediaServer\",\"columns\":[{\"capJavaField\":\"Id\",\"columnComment\":\"记录的唯一标识符\",\"columnId\":1,\"columnName\":\"id\",\"columnType\":\"varchar(255)\",\"createBy\":\"admin\",\"createTime\":\"2025-04-03 09:20:02\",\"dictType\":\"\",\"edit\":false,\"htmlType\":\"input\",\"increment\":false,\"insert\":true,\"isIncrement\":\"0\",\"isInsert\":\"1\",\"isPk\":\"1\",\"isRequired\":\"0\",\"javaField\":\"id\",\"javaType\":\"String\",\"list\":false,\"params\":{},\"pk\":true,\"query\":false,\"queryType\":\"EQ\",\"required\":false,\"sort\":1,\"superColumn\":false,\"tableId\":1,\"updateBy\":\"\",\"updateTime\":\"2025-04-03 09:22:11\",\"usableColumn\":false},{\"capJavaField\":\"Ip\",\"columnComment\":\"服务器绑定的 IP 地址\",\"columnId\":2,\"columnName\":\"ip\",\"columnType\":\"varchar(50)\",\"createBy\":\"admin\",\"createTime\":\"2025-04-03 09:20:02\",\"dictType\":\"\",\"edit\":true,\"htmlType\":\"input\",\"increment\":false,\"insert\":true,\"isEdit\":\"1\",\"isIncrement\":\"0\",\"isInsert\":\"1\",\"isList\":\"1\",\"isPk\":\"0\",\"isQuery\":\"1\",\"isRequired\":\"0\",\"javaField\":\"ip\",\"javaType\":\"String\",\"list\":true,\"params\":{},\"pk\":false,\"query\":true,\"queryType\":\"EQ\",\"required\":false,\"sort\":2,\"superColumn\":false,\"tableId\":1,\"updateBy\":\"\",\"updateTime\":\"2025-04-03 09:22:11\",\"usableColumn\":false},{\"capJavaField\":\"HookIp\",\"columnComment\":\"接收回调通知的 IP 地址\",\"columnId\":3,\"columnName\":\"hook_ip\",\"columnType\":\"varchar(50)\",\"createBy\":\"admin\",\"createTime\":\"2025-04-03 09:20:02\",\"dictType\":\"\",\"edit\":true,\"htmlType\":\"input\",\"increment\":false,\"insert\":true,\"isEdit\":\"1\",\"isIncrement\":\"0\",\"isInsert\":\"1\",\"isList\":\"1\",\"isPk\":\"0\",\"isQuery\":\"1\",\"isRequired\":\"0\",\"javaField\":\"hookIp\",\"javaType\":\"String\",\"list\":true,\"params\":{},\"pk\":false,\"query\":true,\"queryType\":\"EQ\",\"required\":false,\"sort\":3,\"superColumn\":false,\"tableId\":1,\"updateBy\":\"\",\"updateTime\":\"2025-04-03 09:22:11\",\"usableColumn\":false},{\"capJavaField\":\"SdpIp\",\"columnComment\":\"SDP 协议使用的 IP 地址\",\"columnId\":4,\"columnName\":\"sdp_ip\",\"columnType\":\"varchar(50)\",\"createBy\":\"admin\",\"createTime\":\"2025-04-03 09:20:02\",\"dictType\":\"\",\"edit\":true,\"htmlType\":\"input\",\"increment\":fals', '{\"msg\":\"操作成功\",\"code\":200}', 0, NULL, '2025-04-03 09:22:26', 83);
INSERT INTO `sys_oper_log` VALUES (111, '代码生成', 8, 'com.ruoyi.generator.controller.GenController.batchGenCode()', 'GET', 1, 'admin', '研发部门', '/tool/gen/batchGenCode', '127.0.0.1', '内网IP', '{\"tables\":\"wvp_media_server\"}', NULL, 0, NULL, '2025-04-03 09:22:30', 641);
INSERT INTO `sys_oper_log` VALUES (112, '菜单管理', 2, 'com.ruoyi.web.controller.system.SysMenuController.edit()', 'PUT', 1, 'admin', '研发部门', '/system/menu', '127.0.0.1', '内网IP', '{\"children\":[],\"component\":\"wvp/wvpMediaServer/index\",\"createTime\":\"2025-04-03 09:08:16\",\"icon\":\"list\",\"isCache\":\"0\",\"isFrame\":\"1\",\"menuId\":2000,\"menuName\":\"节点管理\",\"menuType\":\"C\",\"orderNum\":16,\"params\":{},\"parentId\":0,\"path\":\"node\",\"perms\":\"\",\"routeName\":\"node\",\"status\":\"0\",\"updateBy\":\"admin\",\"visible\":\"0\"}', '{\"msg\":\"操作成功\",\"code\":200}', 0, NULL, '2025-04-03 09:26:05', 25);
INSERT INTO `sys_oper_log` VALUES (113, '代码生成', 2, 'com.ruoyi.generator.controller.GenController.editSave()', 'PUT', 1, 'admin', '研发部门', '/tool/gen', '127.0.0.1', '内网IP', '{\"businessName\":\"wvpMediaServer\",\"className\":\"WvpMediaServer\",\"columns\":[{\"capJavaField\":\"Id\",\"columnComment\":\"记录的唯一标识符\",\"columnId\":1,\"columnName\":\"id\",\"columnType\":\"varchar(255)\",\"createBy\":\"admin\",\"createTime\":\"2025-04-03 09:20:02\",\"dictType\":\"\",\"edit\":false,\"htmlType\":\"input\",\"increment\":false,\"insert\":true,\"isIncrement\":\"0\",\"isInsert\":\"1\",\"isPk\":\"1\",\"isRequired\":\"0\",\"javaField\":\"id\",\"javaType\":\"String\",\"list\":false,\"params\":{},\"pk\":true,\"query\":false,\"queryType\":\"EQ\",\"required\":false,\"sort\":1,\"superColumn\":false,\"tableId\":1,\"updateBy\":\"\",\"updateTime\":\"2025-04-03 09:22:26\",\"usableColumn\":false},{\"capJavaField\":\"Ip\",\"columnComment\":\"服务器绑定的 IP 地址\",\"columnId\":2,\"columnName\":\"ip\",\"columnType\":\"varchar(50)\",\"createBy\":\"admin\",\"createTime\":\"2025-04-03 09:20:02\",\"dictType\":\"\",\"edit\":true,\"htmlType\":\"input\",\"increment\":false,\"insert\":true,\"isEdit\":\"1\",\"isIncrement\":\"0\",\"isInsert\":\"1\",\"isList\":\"1\",\"isPk\":\"0\",\"isQuery\":\"1\",\"isRequired\":\"1\",\"javaField\":\"ip\",\"javaType\":\"String\",\"list\":true,\"params\":{},\"pk\":false,\"query\":true,\"queryType\":\"EQ\",\"required\":true,\"sort\":2,\"superColumn\":false,\"tableId\":1,\"updateBy\":\"\",\"updateTime\":\"2025-04-03 09:22:26\",\"usableColumn\":false},{\"capJavaField\":\"HookIp\",\"columnComment\":\"接收回调通知的 IP 地址\",\"columnId\":3,\"columnName\":\"hook_ip\",\"columnType\":\"varchar(50)\",\"createBy\":\"admin\",\"createTime\":\"2025-04-03 09:20:02\",\"dictType\":\"\",\"edit\":true,\"htmlType\":\"input\",\"increment\":false,\"insert\":true,\"isEdit\":\"1\",\"isIncrement\":\"0\",\"isInsert\":\"1\",\"isList\":\"1\",\"isPk\":\"0\",\"isQuery\":\"1\",\"isRequired\":\"1\",\"javaField\":\"hookIp\",\"javaType\":\"String\",\"list\":true,\"params\":{},\"pk\":false,\"query\":true,\"queryType\":\"EQ\",\"required\":true,\"sort\":3,\"superColumn\":false,\"tableId\":1,\"updateBy\":\"\",\"updateTime\":\"2025-04-03 09:22:26\",\"usableColumn\":false},{\"capJavaField\":\"SdpIp\",\"columnComment\":\"SDP 协议使用的 IP 地址\",\"columnId\":4,\"columnName\":\"sdp_ip\",\"columnType\":\"varchar(50)\",\"createBy\":\"admin\",\"createTime\":\"2025-04-03 09:20:02\",\"dictType\":\"\",\"edit\":true,\"htmlType\":\"input\",\"increment\":false,', '{\"msg\":\"操作成功\",\"code\":200}', 0, NULL, '2025-04-03 10:36:50', 185);
INSERT INTO `sys_oper_log` VALUES (114, '媒体服务器', 1, 'com.ruoyi.web.controller.wvp.WvpMediaServerController.checkMediaServer()', 'POST', 1, 'admin', '研发部门', '/wvp/wvpMediaServer/checkMediaServer', '127.0.0.1', '内网IP', '{\"httpPort\":8092,\"ip\":\"192.168.158.39\",\"params\":{},\"secret\":\"hxkj_zlm\",\"type\":\"zlm\"}', NULL, 1, '此连接已存在', '2025-04-03 11:46:46', 23);
INSERT INTO `sys_oper_log` VALUES (115, '媒体服务器', 1, 'com.ruoyi.web.controller.wvp.WvpMediaServerController.checkMediaServer()', 'POST', 1, 'admin', '研发部门', '/wvp/wvpMediaServer/checkMediaServer', '127.0.0.1', '内网IP', '{\"httpPort\":8092,\"ip\":\"192.168.158.199\",\"params\":{},\"secret\":\"hxkj_zlm\",\"type\":\"zlm\"}', '{\"msg\":\"操作成功\",\"code\":200}', 0, NULL, '2025-04-03 11:46:59', 5);
INSERT INTO `sys_oper_log` VALUES (116, '媒体服务器', 1, 'com.ruoyi.web.controller.wvp.WvpMediaServerController.checkMediaServer()', 'POST', 1, 'admin', '研发部门', '/wvp/wvpMediaServer/checkMediaServer', '127.0.0.1', '内网IP', '{\"httpPort\":8092,\"ip\":\"192.168.158.199\",\"params\":{},\"secret\":\"hxkj_zlm\",\"type\":\"zlm\"}', '{\"msg\":\"操作成功\",\"code\":200}', 0, NULL, '2025-04-03 11:49:24', 8);
INSERT INTO `sys_oper_log` VALUES (117, '媒体服务器', 1, 'com.ruoyi.web.controller.wvp.WvpMediaServerController.checkMediaServer()', 'POST', 1, 'admin', '研发部门', '/wvp/wvpMediaServer/checkMediaServer', '127.0.0.1', '内网IP', '{\"httpPort\":8092,\"ip\":\"192.168.158.199\",\"params\":{},\"secret\":\"hxkj_zlm\",\"type\":\"zlm\"}', '{\"msg\":\"操作成功\",\"code\":200}', 0, NULL, '2025-04-03 11:49:42', 7229);
INSERT INTO `sys_oper_log` VALUES (118, '媒体服务器', 1, 'com.ruoyi.web.controller.wvp.WvpMediaServerController.checkMediaServer()', 'POST', 1, 'admin', '研发部门', '/wvp/wvpMediaServer/checkMediaServer', '127.0.0.1', '内网IP', '{\"httpPort\":8092,\"ip\":\"192.168.158.199\",\"params\":{},\"secret\":\"hxkj_zlm\",\"type\":\"zlm\"}', '{\"msg\":\"操作成功\",\"code\":200}', 0, NULL, '2025-04-03 11:49:50', 7);
INSERT INTO `sys_oper_log` VALUES (119, '媒体服务器', 1, 'com.ruoyi.web.controller.wvp.WvpMediaServerController.checkMediaServer()', 'POST', 1, 'admin', '研发部门', '/wvp/wvpMediaServer/checkMediaServer', '127.0.0.1', '内网IP', '{\"httpPort\":8092,\"ip\":\"192.168.158.199\",\"params\":{},\"secret\":\"hxkj_zlm\",\"type\":\"zlm\"}', '{\"msg\":\"操作成功\",\"code\":200}', 0, NULL, '2025-04-03 11:50:42', 5612);

-- ----------------------------
-- Table structure for sys_post
-- ----------------------------
DROP TABLE IF EXISTS `sys_post`;
CREATE TABLE `sys_post`  (
  `post_id` bigint(20) NOT NULL AUTO_INCREMENT COMMENT '岗位ID',
  `post_code` varchar(64) CHARACTER SET utf8 COLLATE utf8_bin NOT NULL COMMENT '岗位编码',
  `post_name` varchar(50) CHARACTER SET utf8 COLLATE utf8_bin NOT NULL COMMENT '岗位名称',
  `post_sort` int(4) NOT NULL COMMENT '显示顺序',
  `status` char(1) CHARACTER SET utf8 COLLATE utf8_bin NOT NULL COMMENT '状态（0正常 1停用）',
  `create_by` varchar(64) CHARACTER SET utf8 COLLATE utf8_bin NULL DEFAULT '' COMMENT '创建者',
  `create_time` datetime NULL DEFAULT NULL COMMENT '创建时间',
  `update_by` varchar(64) CHARACTER SET utf8 COLLATE utf8_bin NULL DEFAULT '' COMMENT '更新者',
  `update_time` datetime NULL DEFAULT NULL COMMENT '更新时间',
  `remark` varchar(500) CHARACTER SET utf8 COLLATE utf8_bin NULL DEFAULT NULL COMMENT '备注',
  PRIMARY KEY (`post_id`) USING BTREE
) ENGINE = InnoDB AUTO_INCREMENT = 5 CHARACTER SET = utf8 COLLATE = utf8_bin COMMENT = '岗位信息表' ROW_FORMAT = Dynamic;

-- ----------------------------
-- Records of sys_post
-- ----------------------------
INSERT INTO `sys_post` VALUES (1, 'ceo', '董事长', 1, '0', 'admin', '2025-04-03 09:03:39', '', NULL, '');
INSERT INTO `sys_post` VALUES (2, 'se', '项目经理', 2, '0', 'admin', '2025-04-03 09:03:39', '', NULL, '');
INSERT INTO `sys_post` VALUES (3, 'hr', '人力资源', 3, '0', 'admin', '2025-04-03 09:03:39', '', NULL, '');
INSERT INTO `sys_post` VALUES (4, 'user', '普通员工', 4, '0', 'admin', '2025-04-03 09:03:39', '', NULL, '');

-- ----------------------------
-- Table structure for sys_role
-- ----------------------------
DROP TABLE IF EXISTS `sys_role`;
CREATE TABLE `sys_role`  (
  `role_id` bigint(20) NOT NULL AUTO_INCREMENT COMMENT '角色ID',
  `role_name` varchar(30) CHARACTER SET utf8 COLLATE utf8_bin NOT NULL COMMENT '角色名称',
  `role_key` varchar(100) CHARACTER SET utf8 COLLATE utf8_bin NOT NULL COMMENT '角色权限字符串',
  `role_sort` int(4) NOT NULL COMMENT '显示顺序',
  `data_scope` char(1) CHARACTER SET utf8 COLLATE utf8_bin NULL DEFAULT '1' COMMENT '数据范围（1：全部数据权限 2：自定数据权限 3：本部门数据权限 4：本部门及以下数据权限）',
  `menu_check_strictly` tinyint(1) NULL DEFAULT 1 COMMENT '菜单树选择项是否关联显示',
  `dept_check_strictly` tinyint(1) NULL DEFAULT 1 COMMENT '部门树选择项是否关联显示',
  `status` char(1) CHARACTER SET utf8 COLLATE utf8_bin NOT NULL COMMENT '角色状态（0正常 1停用）',
  `del_flag` char(1) CHARACTER SET utf8 COLLATE utf8_bin NULL DEFAULT '0' COMMENT '删除标志（0代表存在 2代表删除）',
  `create_by` varchar(64) CHARACTER SET utf8 COLLATE utf8_bin NULL DEFAULT '' COMMENT '创建者',
  `create_time` datetime NULL DEFAULT NULL COMMENT '创建时间',
  `update_by` varchar(64) CHARACTER SET utf8 COLLATE utf8_bin NULL DEFAULT '' COMMENT '更新者',
  `update_time` datetime NULL DEFAULT NULL COMMENT '更新时间',
  `remark` varchar(500) CHARACTER SET utf8 COLLATE utf8_bin NULL DEFAULT NULL COMMENT '备注',
  PRIMARY KEY (`role_id`) USING BTREE
) ENGINE = InnoDB AUTO_INCREMENT = 3 CHARACTER SET = utf8 COLLATE = utf8_bin COMMENT = '角色信息表' ROW_FORMAT = Dynamic;

-- ----------------------------
-- Records of sys_role
-- ----------------------------
INSERT INTO `sys_role` VALUES (1, '超级管理员', 'admin', 1, '1', 1, 1, '0', '0', 'admin', '2025-04-03 09:03:39', '', NULL, '超级管理员');
INSERT INTO `sys_role` VALUES (2, '普通角色', 'common', 2, '2', 1, 1, '0', '0', 'admin', '2025-04-03 09:03:39', '', NULL, '普通角色');

-- ----------------------------
-- Table structure for sys_role_dept
-- ----------------------------
DROP TABLE IF EXISTS `sys_role_dept`;
CREATE TABLE `sys_role_dept`  (
  `role_id` bigint(20) NOT NULL COMMENT '角色ID',
  `dept_id` bigint(20) NOT NULL COMMENT '部门ID',
  PRIMARY KEY (`role_id`, `dept_id`) USING BTREE
) ENGINE = InnoDB CHARACTER SET = utf8 COLLATE = utf8_bin COMMENT = '角色和部门关联表' ROW_FORMAT = Dynamic;

-- ----------------------------
-- Records of sys_role_dept
-- ----------------------------
INSERT INTO `sys_role_dept` VALUES (2, 100);
INSERT INTO `sys_role_dept` VALUES (2, 101);
INSERT INTO `sys_role_dept` VALUES (2, 105);

-- ----------------------------
-- Table structure for sys_role_menu
-- ----------------------------
DROP TABLE IF EXISTS `sys_role_menu`;
CREATE TABLE `sys_role_menu`  (
  `role_id` bigint(20) NOT NULL COMMENT '角色ID',
  `menu_id` bigint(20) NOT NULL COMMENT '菜单ID',
  PRIMARY KEY (`role_id`, `menu_id`) USING BTREE
) ENGINE = InnoDB CHARACTER SET = utf8 COLLATE = utf8_bin COMMENT = '角色和菜单关联表' ROW_FORMAT = Dynamic;

-- ----------------------------
-- Records of sys_role_menu
-- ----------------------------
INSERT INTO `sys_role_menu` VALUES (2, 1);
INSERT INTO `sys_role_menu` VALUES (2, 2);
INSERT INTO `sys_role_menu` VALUES (2, 3);
INSERT INTO `sys_role_menu` VALUES (2, 4);
INSERT INTO `sys_role_menu` VALUES (2, 100);
INSERT INTO `sys_role_menu` VALUES (2, 101);
INSERT INTO `sys_role_menu` VALUES (2, 102);
INSERT INTO `sys_role_menu` VALUES (2, 103);
INSERT INTO `sys_role_menu` VALUES (2, 104);
INSERT INTO `sys_role_menu` VALUES (2, 105);
INSERT INTO `sys_role_menu` VALUES (2, 106);
INSERT INTO `sys_role_menu` VALUES (2, 107);
INSERT INTO `sys_role_menu` VALUES (2, 108);
INSERT INTO `sys_role_menu` VALUES (2, 109);
INSERT INTO `sys_role_menu` VALUES (2, 110);
INSERT INTO `sys_role_menu` VALUES (2, 111);
INSERT INTO `sys_role_menu` VALUES (2, 112);
INSERT INTO `sys_role_menu` VALUES (2, 113);
INSERT INTO `sys_role_menu` VALUES (2, 114);
INSERT INTO `sys_role_menu` VALUES (2, 115);
INSERT INTO `sys_role_menu` VALUES (2, 116);
INSERT INTO `sys_role_menu` VALUES (2, 117);
INSERT INTO `sys_role_menu` VALUES (2, 500);
INSERT INTO `sys_role_menu` VALUES (2, 501);
INSERT INTO `sys_role_menu` VALUES (2, 1000);
INSERT INTO `sys_role_menu` VALUES (2, 1001);
INSERT INTO `sys_role_menu` VALUES (2, 1002);
INSERT INTO `sys_role_menu` VALUES (2, 1003);
INSERT INTO `sys_role_menu` VALUES (2, 1004);
INSERT INTO `sys_role_menu` VALUES (2, 1005);
INSERT INTO `sys_role_menu` VALUES (2, 1006);
INSERT INTO `sys_role_menu` VALUES (2, 1007);
INSERT INTO `sys_role_menu` VALUES (2, 1008);
INSERT INTO `sys_role_menu` VALUES (2, 1009);
INSERT INTO `sys_role_menu` VALUES (2, 1010);
INSERT INTO `sys_role_menu` VALUES (2, 1011);
INSERT INTO `sys_role_menu` VALUES (2, 1012);
INSERT INTO `sys_role_menu` VALUES (2, 1013);
INSERT INTO `sys_role_menu` VALUES (2, 1014);
INSERT INTO `sys_role_menu` VALUES (2, 1015);
INSERT INTO `sys_role_menu` VALUES (2, 1016);
INSERT INTO `sys_role_menu` VALUES (2, 1017);
INSERT INTO `sys_role_menu` VALUES (2, 1018);
INSERT INTO `sys_role_menu` VALUES (2, 1019);
INSERT INTO `sys_role_menu` VALUES (2, 1020);
INSERT INTO `sys_role_menu` VALUES (2, 1021);
INSERT INTO `sys_role_menu` VALUES (2, 1022);
INSERT INTO `sys_role_menu` VALUES (2, 1023);
INSERT INTO `sys_role_menu` VALUES (2, 1024);
INSERT INTO `sys_role_menu` VALUES (2, 1025);
INSERT INTO `sys_role_menu` VALUES (2, 1026);
INSERT INTO `sys_role_menu` VALUES (2, 1027);
INSERT INTO `sys_role_menu` VALUES (2, 1028);
INSERT INTO `sys_role_menu` VALUES (2, 1029);
INSERT INTO `sys_role_menu` VALUES (2, 1030);
INSERT INTO `sys_role_menu` VALUES (2, 1031);
INSERT INTO `sys_role_menu` VALUES (2, 1032);
INSERT INTO `sys_role_menu` VALUES (2, 1033);
INSERT INTO `sys_role_menu` VALUES (2, 1034);
INSERT INTO `sys_role_menu` VALUES (2, 1035);
INSERT INTO `sys_role_menu` VALUES (2, 1036);
INSERT INTO `sys_role_menu` VALUES (2, 1037);
INSERT INTO `sys_role_menu` VALUES (2, 1038);
INSERT INTO `sys_role_menu` VALUES (2, 1039);
INSERT INTO `sys_role_menu` VALUES (2, 1040);
INSERT INTO `sys_role_menu` VALUES (2, 1041);
INSERT INTO `sys_role_menu` VALUES (2, 1042);
INSERT INTO `sys_role_menu` VALUES (2, 1043);
INSERT INTO `sys_role_menu` VALUES (2, 1044);
INSERT INTO `sys_role_menu` VALUES (2, 1045);
INSERT INTO `sys_role_menu` VALUES (2, 1046);
INSERT INTO `sys_role_menu` VALUES (2, 1047);
INSERT INTO `sys_role_menu` VALUES (2, 1048);
INSERT INTO `sys_role_menu` VALUES (2, 1049);
INSERT INTO `sys_role_menu` VALUES (2, 1050);
INSERT INTO `sys_role_menu` VALUES (2, 1051);
INSERT INTO `sys_role_menu` VALUES (2, 1052);
INSERT INTO `sys_role_menu` VALUES (2, 1053);
INSERT INTO `sys_role_menu` VALUES (2, 1054);
INSERT INTO `sys_role_menu` VALUES (2, 1055);
INSERT INTO `sys_role_menu` VALUES (2, 1056);
INSERT INTO `sys_role_menu` VALUES (2, 1057);
INSERT INTO `sys_role_menu` VALUES (2, 1058);
INSERT INTO `sys_role_menu` VALUES (2, 1059);
INSERT INTO `sys_role_menu` VALUES (2, 1060);

-- ----------------------------
-- Table structure for sys_user
-- ----------------------------
DROP TABLE IF EXISTS `sys_user`;
CREATE TABLE `sys_user`  (
  `user_id` bigint(20) NOT NULL AUTO_INCREMENT COMMENT '用户ID',
  `dept_id` bigint(20) NULL DEFAULT NULL COMMENT '部门ID',
  `user_name` varchar(30) CHARACTER SET utf8 COLLATE utf8_bin NOT NULL COMMENT '用户账号',
  `nick_name` varchar(30) CHARACTER SET utf8 COLLATE utf8_bin NOT NULL COMMENT '用户昵称',
  `user_type` varchar(2) CHARACTER SET utf8 COLLATE utf8_bin NULL DEFAULT '00' COMMENT '用户类型（00系统用户）',
  `email` varchar(50) CHARACTER SET utf8 COLLATE utf8_bin NULL DEFAULT '' COMMENT '用户邮箱',
  `phonenumber` varchar(11) CHARACTER SET utf8 COLLATE utf8_bin NULL DEFAULT '' COMMENT '手机号码',
  `sex` char(1) CHARACTER SET utf8 COLLATE utf8_bin NULL DEFAULT '0' COMMENT '用户性别（0男 1女 2未知）',
  `avatar` varchar(100) CHARACTER SET utf8 COLLATE utf8_bin NULL DEFAULT '' COMMENT '头像地址',
  `password` varchar(100) CHARACTER SET utf8 COLLATE utf8_bin NULL DEFAULT '' COMMENT '密码',
  `status` char(1) CHARACTER SET utf8 COLLATE utf8_bin NULL DEFAULT '0' COMMENT '帐号状态（0正常 1停用）',
  `del_flag` char(1) CHARACTER SET utf8 COLLATE utf8_bin NULL DEFAULT '0' COMMENT '删除标志（0代表存在 2代表删除）',
  `login_ip` varchar(128) CHARACTER SET utf8 COLLATE utf8_bin NULL DEFAULT '' COMMENT '最后登录IP',
  `login_date` datetime NULL DEFAULT NULL COMMENT '最后登录时间',
  `create_by` varchar(64) CHARACTER SET utf8 COLLATE utf8_bin NULL DEFAULT '' COMMENT '创建者',
  `create_time` datetime NULL DEFAULT NULL COMMENT '创建时间',
  `update_by` varchar(64) CHARACTER SET utf8 COLLATE utf8_bin NULL DEFAULT '' COMMENT '更新者',
  `update_time` datetime NULL DEFAULT NULL COMMENT '更新时间',
  `remark` varchar(500) CHARACTER SET utf8 COLLATE utf8_bin NULL DEFAULT NULL COMMENT '备注',
  PRIMARY KEY (`user_id`) USING BTREE
) ENGINE = InnoDB AUTO_INCREMENT = 3 CHARACTER SET = utf8 COLLATE = utf8_bin COMMENT = '用户信息表' ROW_FORMAT = Dynamic;

-- ----------------------------
-- Records of sys_user
-- ----------------------------
INSERT INTO `sys_user` VALUES (1, 103, 'admin', '若依', '00', 'ry@163.com', '15888888888', '1', '', '$2a$10$7JB720yubVSZvUI0rEqK/.VqGOZTH.ulu33dHOiBE8ByOhJIrdAu2', '0', '0', '127.0.0.1', '2025-04-07 15:59:27', 'admin', '2025-04-03 09:03:39', '', '2025-04-07 15:59:27', '管理员');
INSERT INTO `sys_user` VALUES (2, 105, 'ry', '若依', '00', 'ry@qq.com', '15666666666', '1', '', '$2a$10$7JB720yubVSZvUI0rEqK/.VqGOZTH.ulu33dHOiBE8ByOhJIrdAu2', '0', '0', '127.0.0.1', '2025-04-03 09:03:39', 'admin', '2025-04-03 09:03:39', '', NULL, '测试员');

-- ----------------------------
-- Table structure for sys_user_post
-- ----------------------------
DROP TABLE IF EXISTS `sys_user_post`;
CREATE TABLE `sys_user_post`  (
  `user_id` bigint(20) NOT NULL COMMENT '用户ID',
  `post_id` bigint(20) NOT NULL COMMENT '岗位ID',
  PRIMARY KEY (`user_id`, `post_id`) USING BTREE
) ENGINE = InnoDB CHARACTER SET = utf8 COLLATE = utf8_bin COMMENT = '用户与岗位关联表' ROW_FORMAT = Dynamic;

-- ----------------------------
-- Records of sys_user_post
-- ----------------------------
INSERT INTO `sys_user_post` VALUES (1, 1);
INSERT INTO `sys_user_post` VALUES (2, 2);

-- ----------------------------
-- Table structure for sys_user_role
-- ----------------------------
DROP TABLE IF EXISTS `sys_user_role`;
CREATE TABLE `sys_user_role`  (
  `user_id` bigint(20) NOT NULL COMMENT '用户ID',
  `role_id` bigint(20) NOT NULL COMMENT '角色ID',
  PRIMARY KEY (`user_id`, `role_id`) USING BTREE
) ENGINE = InnoDB CHARACTER SET = utf8 COLLATE = utf8_bin COMMENT = '用户和角色关联表' ROW_FORMAT = Dynamic;

-- ----------------------------
-- Records of sys_user_role
-- ----------------------------
INSERT INTO `sys_user_role` VALUES (1, 1);
INSERT INTO `sys_user_role` VALUES (2, 2);

-- ----------------------------
-- Table structure for wvp_cloud_record
-- ----------------------------
DROP TABLE IF EXISTS `wvp_cloud_record`;
CREATE TABLE `wvp_cloud_record`  (
  `id` bigint(20) UNSIGNED NOT NULL AUTO_INCREMENT,
  `app` varchar(255) CHARACTER SET utf8 COLLATE utf8_bin NULL DEFAULT NULL,
  `stream` varchar(255) CHARACTER SET utf8 COLLATE utf8_bin NULL DEFAULT NULL,
  `call_id` varchar(255) CHARACTER SET utf8 COLLATE utf8_bin NULL DEFAULT NULL,
  `start_time` bigint(20) NULL DEFAULT NULL,
  `end_time` bigint(20) NULL DEFAULT NULL,
  `media_server_id` varchar(50) CHARACTER SET utf8 COLLATE utf8_bin NULL DEFAULT NULL,
  `file_name` varchar(255) CHARACTER SET utf8 COLLATE utf8_bin NULL DEFAULT NULL,
  `folder` varchar(500) CHARACTER SET utf8 COLLATE utf8_bin NULL DEFAULT NULL,
  `file_path` varchar(500) CHARACTER SET utf8 COLLATE utf8_bin NULL DEFAULT NULL,
  `collect` tinyint(1) NULL DEFAULT 0,
  `file_size` bigint(20) NULL DEFAULT NULL,
  `time_len` bigint(20) NULL DEFAULT NULL,
  PRIMARY KEY (`id`) USING BTREE,
  UNIQUE INDEX `id`(`id`) USING BTREE
) ENGINE = InnoDB AUTO_INCREMENT = 13 CHARACTER SET = utf8 COLLATE = utf8_bin ROW_FORMAT = Dynamic;

-- ----------------------------
-- Records of wvp_cloud_record
-- ----------------------------

-- ----------------------------
-- Table structure for wvp_common_group
-- ----------------------------
DROP TABLE IF EXISTS `wvp_common_group`;
CREATE TABLE `wvp_common_group`  (
  `id` bigint(20) UNSIGNED NOT NULL AUTO_INCREMENT,
  `device_id` varchar(50) CHARACTER SET utf8 COLLATE utf8_bin NOT NULL,
  `name` varchar(255) CHARACTER SET utf8 COLLATE utf8_bin NOT NULL,
  `parent_id` int(11) NULL DEFAULT NULL,
  `parent_device_id` varchar(50) CHARACTER SET utf8 COLLATE utf8_bin NULL DEFAULT NULL,
  `business_group` varchar(50) CHARACTER SET utf8 COLLATE utf8_bin NOT NULL,
  `create_time` varchar(50) CHARACTER SET utf8 COLLATE utf8_bin NOT NULL,
  `update_time` varchar(50) CHARACTER SET utf8 COLLATE utf8_bin NOT NULL,
  `civil_code` varchar(50) CHARACTER SET utf8 COLLATE utf8_bin NULL DEFAULT NULL,
  PRIMARY KEY (`id`) USING BTREE,
  UNIQUE INDEX `id`(`id`) USING BTREE,
  UNIQUE INDEX `uk_common_group_device_platform`(`device_id`) USING BTREE
) ENGINE = InnoDB AUTO_INCREMENT = 1 CHARACTER SET = utf8 COLLATE = utf8_bin ROW_FORMAT = Dynamic;

-- ----------------------------
-- Records of wvp_common_group
-- ----------------------------

-- ----------------------------
-- Table structure for wvp_common_region
-- ----------------------------
DROP TABLE IF EXISTS `wvp_common_region`;
CREATE TABLE `wvp_common_region`  (
  `id` bigint(20) UNSIGNED NOT NULL AUTO_INCREMENT,
  `device_id` varchar(50) CHARACTER SET utf8 COLLATE utf8_bin NOT NULL,
  `name` varchar(255) CHARACTER SET utf8 COLLATE utf8_bin NOT NULL,
  `parent_id` int(11) NULL DEFAULT NULL,
  `parent_device_id` varchar(50) CHARACTER SET utf8 COLLATE utf8_bin NULL DEFAULT NULL,
  `create_time` varchar(50) CHARACTER SET utf8 COLLATE utf8_bin NOT NULL,
  `update_time` varchar(50) CHARACTER SET utf8 COLLATE utf8_bin NOT NULL,
  PRIMARY KEY (`id`) USING BTREE,
  UNIQUE INDEX `id`(`id`) USING BTREE,
  UNIQUE INDEX `uk_common_region_device_id`(`device_id`) USING BTREE
) ENGINE = InnoDB AUTO_INCREMENT = 2 CHARACTER SET = utf8 COLLATE = utf8_bin ROW_FORMAT = Dynamic;

-- ----------------------------
-- Records of wvp_common_region
-- ----------------------------

-- ----------------------------
-- Table structure for wvp_device
-- ----------------------------
DROP TABLE IF EXISTS `wvp_device`;
CREATE TABLE `wvp_device`  (
  `id` bigint(20) UNSIGNED NOT NULL AUTO_INCREMENT,
  `device_id` varchar(50) CHARACTER SET utf8 COLLATE utf8_bin NOT NULL,
  `name` varchar(255) CHARACTER SET utf8 COLLATE utf8_bin NULL DEFAULT NULL,
  `manufacturer` varchar(255) CHARACTER SET utf8 COLLATE utf8_bin NULL DEFAULT NULL,
  `model` varchar(255) CHARACTER SET utf8 COLLATE utf8_bin NULL DEFAULT NULL,
  `firmware` varchar(255) CHARACTER SET utf8 COLLATE utf8_bin NULL DEFAULT NULL,
  `transport` varchar(50) CHARACTER SET utf8 COLLATE utf8_bin NULL DEFAULT NULL,
  `stream_mode` varchar(50) CHARACTER SET utf8 COLLATE utf8_bin NULL DEFAULT NULL,
  `on_line` tinyint(1) NULL DEFAULT 0,
  `register_time` varchar(50) CHARACTER SET utf8 COLLATE utf8_bin NULL DEFAULT NULL,
  `keepalive_time` varchar(50) CHARACTER SET utf8 COLLATE utf8_bin NULL DEFAULT NULL,
  `ip` varchar(50) CHARACTER SET utf8 COLLATE utf8_bin NULL DEFAULT NULL,
  `create_time` varchar(50) CHARACTER SET utf8 COLLATE utf8_bin NULL DEFAULT NULL,
  `update_time` varchar(50) CHARACTER SET utf8 COLLATE utf8_bin NULL DEFAULT NULL,
  `port` int(11) NULL DEFAULT NULL,
  `expires` int(11) NULL DEFAULT NULL,
  `subscribe_cycle_for_catalog` int(11) NULL DEFAULT 0,
  `subscribe_cycle_for_mobile_position` int(11) NULL DEFAULT 0,
  `mobile_position_submission_interval` int(11) NULL DEFAULT 5,
  `subscribe_cycle_for_alarm` int(11) NULL DEFAULT 0,
  `host_address` varchar(50) CHARACTER SET utf8 COLLATE utf8_bin NULL DEFAULT NULL,
  `charset` varchar(50) CHARACTER SET utf8 COLLATE utf8_bin NULL DEFAULT NULL,
  `ssrc_check` tinyint(1) NULL DEFAULT 0,
  `geo_coord_sys` varchar(50) CHARACTER SET utf8 COLLATE utf8_bin NULL DEFAULT NULL,
  `media_server_id` varchar(50) CHARACTER SET utf8 COLLATE utf8_bin NULL DEFAULT 'auto',
  `custom_name` varchar(255) CHARACTER SET utf8 COLLATE utf8_bin NULL DEFAULT NULL,
  `sdp_ip` varchar(50) CHARACTER SET utf8 COLLATE utf8_bin NULL DEFAULT NULL,
  `local_ip` varchar(50) CHARACTER SET utf8 COLLATE utf8_bin NULL DEFAULT NULL,
  `password` varchar(255) CHARACTER SET utf8 COLLATE utf8_bin NULL DEFAULT NULL,
  `as_message_channel` tinyint(1) NULL DEFAULT 0,
  `heart_beat_interval` int(11) NULL DEFAULT NULL,
  `heart_beat_count` int(11) NULL DEFAULT NULL,
  `position_capability` int(11) NULL DEFAULT NULL,
  `broadcast_push_after_ack` tinyint(1) NULL DEFAULT 0,
  PRIMARY KEY (`id`) USING BTREE,
  UNIQUE INDEX `id`(`id`) USING BTREE,
  UNIQUE INDEX `uk_device_device`(`device_id`) USING BTREE
) ENGINE = InnoDB AUTO_INCREMENT = 4 CHARACTER SET = utf8 COLLATE = utf8_bin ROW_FORMAT = Dynamic;

-- ----------------------------
-- Records of wvp_device
-- ----------------------------
INSERT INTO `wvp_device` VALUES (3, '34020000001320000001', 'AB06A9APHA3AB06', 'Dahua', 'DH-IPC-HDP2230C-ST', '2.820.0000000.65.R,2025-01-21', 'UDP', 'TCP-PASSIVE', 0, '2025-04-07 11:52:28', '2025-04-07 11:54:33', '192.168.158.63', '2025-04-07 09:22:53', '2025-04-07 11:54:33', 5061, 3600, 0, 0, 5, 0, '192.168.158.63:5061', 'GB2312', 0, 'WGS84', 'auto', NULL, NULL, '192.168.158.39', NULL, 0, 60, 3, 0, 0);

-- ----------------------------
-- Table structure for wvp_device_alarm
-- ----------------------------
DROP TABLE IF EXISTS `wvp_device_alarm`;
CREATE TABLE `wvp_device_alarm`  (
  `id` bigint(20) UNSIGNED NOT NULL AUTO_INCREMENT,
  `device_id` varchar(50) CHARACTER SET utf8 COLLATE utf8_bin NOT NULL,
  `channel_id` varchar(50) CHARACTER SET utf8 COLLATE utf8_bin NOT NULL,
  `alarm_priority` varchar(50) CHARACTER SET utf8 COLLATE utf8_bin NULL DEFAULT NULL,
  `alarm_method` varchar(50) CHARACTER SET utf8 COLLATE utf8_bin NULL DEFAULT NULL,
  `alarm_time` varchar(50) CHARACTER SET utf8 COLLATE utf8_bin NULL DEFAULT NULL,
  `alarm_description` varchar(255) CHARACTER SET utf8 COLLATE utf8_bin NULL DEFAULT NULL,
  `longitude` double NULL DEFAULT NULL,
  `latitude` double NULL DEFAULT NULL,
  `alarm_type` varchar(50) CHARACTER SET utf8 COLLATE utf8_bin NULL DEFAULT NULL,
  `create_time` varchar(50) CHARACTER SET utf8 COLLATE utf8_bin NOT NULL,
  PRIMARY KEY (`id`) USING BTREE,
  UNIQUE INDEX `id`(`id`) USING BTREE
) ENGINE = InnoDB AUTO_INCREMENT = 1 CHARACTER SET = utf8 COLLATE = utf8_bin ROW_FORMAT = Dynamic;

-- ----------------------------
-- Records of wvp_device_alarm
-- ----------------------------

-- ----------------------------
-- Table structure for wvp_device_channel
-- ----------------------------
DROP TABLE IF EXISTS `wvp_device_channel`;
CREATE TABLE `wvp_device_channel`  (
  `id` bigint(20) UNSIGNED NOT NULL AUTO_INCREMENT,
  `device_id` varchar(50) CHARACTER SET utf8 COLLATE utf8_bin NULL DEFAULT NULL,
  `name` varchar(255) CHARACTER SET utf8 COLLATE utf8_bin NULL DEFAULT NULL,
  `manufacturer` varchar(50) CHARACTER SET utf8 COLLATE utf8_bin NULL DEFAULT NULL,
  `model` varchar(50) CHARACTER SET utf8 COLLATE utf8_bin NULL DEFAULT NULL,
  `owner` varchar(50) CHARACTER SET utf8 COLLATE utf8_bin NULL DEFAULT NULL,
  `civil_code` varchar(50) CHARACTER SET utf8 COLLATE utf8_bin NULL DEFAULT NULL,
  `block` varchar(50) CHARACTER SET utf8 COLLATE utf8_bin NULL DEFAULT NULL,
  `address` varchar(50) CHARACTER SET utf8 COLLATE utf8_bin NULL DEFAULT NULL,
  `parental` int(11) NULL DEFAULT NULL,
  `parent_id` varchar(50) CHARACTER SET utf8 COLLATE utf8_bin NULL DEFAULT NULL,
  `safety_way` int(11) NULL DEFAULT NULL,
  `register_way` int(11) NULL DEFAULT NULL,
  `cert_num` varchar(50) CHARACTER SET utf8 COLLATE utf8_bin NULL DEFAULT NULL,
  `certifiable` int(11) NULL DEFAULT NULL,
  `err_code` int(11) NULL DEFAULT NULL,
  `end_time` varchar(50) CHARACTER SET utf8 COLLATE utf8_bin NULL DEFAULT NULL,
  `secrecy` int(11) NULL DEFAULT NULL,
  `ip_address` varchar(50) CHARACTER SET utf8 COLLATE utf8_bin NULL DEFAULT NULL,
  `port` int(11) NULL DEFAULT NULL,
  `password` varchar(255) CHARACTER SET utf8 COLLATE utf8_bin NULL DEFAULT NULL,
  `status` varchar(50) CHARACTER SET utf8 COLLATE utf8_bin NULL DEFAULT NULL,
  `longitude` double NULL DEFAULT NULL,
  `latitude` double NULL DEFAULT NULL,
  `ptz_type` int(11) NULL DEFAULT NULL,
  `position_type` int(11) NULL DEFAULT NULL,
  `room_type` int(11) NULL DEFAULT NULL,
  `use_type` int(11) NULL DEFAULT NULL,
  `supply_light_type` int(11) NULL DEFAULT NULL,
  `direction_type` int(11) NULL DEFAULT NULL,
  `resolution` varchar(255) CHARACTER SET utf8 COLLATE utf8_bin NULL DEFAULT NULL,
  `business_group_id` varchar(255) CHARACTER SET utf8 COLLATE utf8_bin NULL DEFAULT NULL,
  `download_speed` varchar(255) CHARACTER SET utf8 COLLATE utf8_bin NULL DEFAULT NULL,
  `svc_space_support_mod` int(11) NULL DEFAULT NULL,
  `svc_time_support_mode` int(11) NULL DEFAULT NULL,
  `create_time` varchar(50) CHARACTER SET utf8 COLLATE utf8_bin NOT NULL,
  `update_time` varchar(50) CHARACTER SET utf8 COLLATE utf8_bin NOT NULL,
  `sub_count` int(11) NULL DEFAULT NULL,
  `stream_id` varchar(255) CHARACTER SET utf8 COLLATE utf8_bin NULL DEFAULT NULL,
  `has_audio` tinyint(1) NULL DEFAULT 0,
  `gps_time` varchar(50) CHARACTER SET utf8 COLLATE utf8_bin NULL DEFAULT NULL,
  `stream_identification` varchar(50) CHARACTER SET utf8 COLLATE utf8_bin NULL DEFAULT NULL,
  `channel_type` int(11) NOT NULL DEFAULT 0,
  `gb_device_id` varchar(50) CHARACTER SET utf8 COLLATE utf8_bin NULL DEFAULT NULL,
  `gb_name` varchar(255) CHARACTER SET utf8 COLLATE utf8_bin NULL DEFAULT NULL,
  `gb_manufacturer` varchar(255) CHARACTER SET utf8 COLLATE utf8_bin NULL DEFAULT NULL,
  `gb_model` varchar(255) CHARACTER SET utf8 COLLATE utf8_bin NULL DEFAULT NULL,
  `gb_owner` varchar(255) CHARACTER SET utf8 COLLATE utf8_bin NULL DEFAULT NULL,
  `gb_civil_code` varchar(255) CHARACTER SET utf8 COLLATE utf8_bin NULL DEFAULT NULL,
  `gb_block` varchar(255) CHARACTER SET utf8 COLLATE utf8_bin NULL DEFAULT NULL,
  `gb_address` varchar(255) CHARACTER SET utf8 COLLATE utf8_bin NULL DEFAULT NULL,
  `gb_parental` int(11) NULL DEFAULT NULL,
  `gb_parent_id` varchar(255) CHARACTER SET utf8 COLLATE utf8_bin NULL DEFAULT NULL,
  `gb_safety_way` int(11) NULL DEFAULT NULL,
  `gb_register_way` int(11) NULL DEFAULT NULL,
  `gb_cert_num` varchar(50) CHARACTER SET utf8 COLLATE utf8_bin NULL DEFAULT NULL,
  `gb_certifiable` int(11) NULL DEFAULT NULL,
  `gb_err_code` int(11) NULL DEFAULT NULL,
  `gb_end_time` varchar(50) CHARACTER SET utf8 COLLATE utf8_bin NULL DEFAULT NULL,
  `gb_secrecy` int(11) NULL DEFAULT NULL,
  `gb_ip_address` varchar(50) CHARACTER SET utf8 COLLATE utf8_bin NULL DEFAULT NULL,
  `gb_port` int(11) NULL DEFAULT NULL,
  `gb_password` varchar(50) CHARACTER SET utf8 COLLATE utf8_bin NULL DEFAULT NULL,
  `gb_status` varchar(50) CHARACTER SET utf8 COLLATE utf8_bin NULL DEFAULT NULL,
  `gb_longitude` double NULL DEFAULT NULL,
  `gb_latitude` double NULL DEFAULT NULL,
  `gb_business_group_id` varchar(50) CHARACTER SET utf8 COLLATE utf8_bin NULL DEFAULT NULL,
  `gb_ptz_type` int(11) NULL DEFAULT NULL,
  `gb_position_type` int(11) NULL DEFAULT NULL,
  `gb_room_type` int(11) NULL DEFAULT NULL,
  `gb_use_type` int(11) NULL DEFAULT NULL,
  `gb_supply_light_type` int(11) NULL DEFAULT NULL,
  `gb_direction_type` int(11) NULL DEFAULT NULL,
  `gb_resolution` varchar(255) CHARACTER SET utf8 COLLATE utf8_bin NULL DEFAULT NULL,
  `gb_download_speed` varchar(255) CHARACTER SET utf8 COLLATE utf8_bin NULL DEFAULT NULL,
  `gb_svc_space_support_mod` int(11) NULL DEFAULT NULL,
  `gb_svc_time_support_mode` int(11) NULL DEFAULT NULL,
  `record_plan_id` int(11) NULL DEFAULT NULL,
  `data_type` int(11) NOT NULL,
  `data_device_id` int(11) NOT NULL,
  PRIMARY KEY (`id`) USING BTREE,
  UNIQUE INDEX `id`(`id`) USING BTREE,
  UNIQUE INDEX `uk_wvp_unique_channel`(`gb_device_id`) USING BTREE
) ENGINE = InnoDB AUTO_INCREMENT = 4 CHARACTER SET = utf8 COLLATE = utf8_bin ROW_FORMAT = Dynamic;

-- ----------------------------
-- Records of wvp_device_channel
-- ----------------------------
INSERT INTO `wvp_device_channel` VALUES (3, '34020000001310000001', '对讲摄像头2', 'Dahua', 'DH-IPC-HDP2230C-ST', '0', '340200', NULL, 'axy', 0, '34020000001320000001', NULL, 1, NULL, NULL, NULL, NULL, 0, '192.168.158.63', NULL, NULL, 'ON', NULL, NULL, 3, NULL, NULL, NULL, NULL, NULL, NULL, NULL, '1/2/4/8', NULL, NULL, '2025-04-07 09:22:54', '2025-04-07 09:22:54', 0, NULL, 0, NULL, NULL, 0, NULL, NULL, NULL, NULL, NULL, NULL, NULL, NULL, NULL, NULL, NULL, NULL, NULL, NULL, NULL, NULL, NULL, NULL, NULL, NULL, NULL, NULL, NULL, NULL, NULL, NULL, NULL, NULL, NULL, NULL, NULL, NULL, NULL, NULL, NULL, 1, 3);

-- ----------------------------
-- Table structure for wvp_device_mobile_position
-- ----------------------------
DROP TABLE IF EXISTS `wvp_device_mobile_position`;
CREATE TABLE `wvp_device_mobile_position`  (
  `id` bigint(20) UNSIGNED NOT NULL AUTO_INCREMENT,
  `device_id` varchar(50) CHARACTER SET utf8 COLLATE utf8_bin NOT NULL,
  `channel_id` varchar(50) CHARACTER SET utf8 COLLATE utf8_bin NOT NULL,
  `device_name` varchar(255) CHARACTER SET utf8 COLLATE utf8_bin NULL DEFAULT NULL,
  `time` varchar(50) CHARACTER SET utf8 COLLATE utf8_bin NULL DEFAULT NULL,
  `longitude` double NULL DEFAULT NULL,
  `latitude` double NULL DEFAULT NULL,
  `altitude` double NULL DEFAULT NULL,
  `speed` double NULL DEFAULT NULL,
  `direction` double NULL DEFAULT NULL,
  `report_source` varchar(50) CHARACTER SET utf8 COLLATE utf8_bin NULL DEFAULT NULL,
  `create_time` varchar(50) CHARACTER SET utf8 COLLATE utf8_bin NULL DEFAULT NULL,
  PRIMARY KEY (`id`) USING BTREE,
  UNIQUE INDEX `id`(`id`) USING BTREE
) ENGINE = InnoDB AUTO_INCREMENT = 1 CHARACTER SET = utf8 COLLATE = utf8_bin ROW_FORMAT = Dynamic;

-- ----------------------------
-- Records of wvp_device_mobile_position
-- ----------------------------

-- ----------------------------
-- Table structure for wvp_media_server
-- ----------------------------
DROP TABLE IF EXISTS `wvp_media_server`;
CREATE TABLE `wvp_media_server`  (
  `id` varchar(255) CHARACTER SET utf8 COLLATE utf8_bin NOT NULL,
  `ip` varchar(50) CHARACTER SET utf8 COLLATE utf8_bin NULL DEFAULT NULL,
  `hook_ip` varchar(50) CHARACTER SET utf8 COLLATE utf8_bin NULL DEFAULT NULL,
  `sdp_ip` varchar(50) CHARACTER SET utf8 COLLATE utf8_bin NULL DEFAULT NULL,
  `stream_ip` varchar(50) CHARACTER SET utf8 COLLATE utf8_bin NULL DEFAULT NULL,
  `http_port` int(11) NULL DEFAULT NULL,
  `http_ssl_port` int(11) NULL DEFAULT NULL,
  `rtmp_port` int(11) NULL DEFAULT NULL,
  `rtmp_ssl_port` int(11) NULL DEFAULT NULL,
  `rtp_proxy_port` int(11) NULL DEFAULT NULL,
  `rtsp_port` int(11) NULL DEFAULT NULL,
  `rtsp_ssl_port` int(11) NULL DEFAULT NULL,
  `flv_port` int(11) NULL DEFAULT NULL,
  `flv_ssl_port` int(11) NULL DEFAULT NULL,
  `ws_flv_port` int(11) NULL DEFAULT NULL,
  `ws_flv_ssl_port` int(11) NULL DEFAULT NULL,
  `auto_config` tinyint(1) NULL DEFAULT 0,
  `secret` varchar(50) CHARACTER SET utf8 COLLATE utf8_bin NULL DEFAULT NULL,
  `type` varchar(50) CHARACTER SET utf8 COLLATE utf8_bin NULL DEFAULT 'zlm',
  `rtp_enable` tinyint(1) NULL DEFAULT 0,
  `rtp_port_range` varchar(50) CHARACTER SET utf8 COLLATE utf8_bin NULL DEFAULT NULL,
  `send_rtp_port_range` varchar(50) CHARACTER SET utf8 COLLATE utf8_bin NULL DEFAULT NULL,
  `record_assist_port` int(11) NULL DEFAULT NULL,
  `default_server` tinyint(1) NULL DEFAULT 0,
  `create_time` varchar(50) CHARACTER SET utf8 COLLATE utf8_bin NULL DEFAULT NULL,
  `update_time` varchar(50) CHARACTER SET utf8 COLLATE utf8_bin NULL DEFAULT NULL,
  `hook_alive_interval` int(11) NULL DEFAULT NULL,
  `record_path` varchar(255) CHARACTER SET utf8 COLLATE utf8_bin NULL DEFAULT NULL,
  `record_day` int(11) NULL DEFAULT 7,
  `transcode_suffix` varchar(255) CHARACTER SET utf8 COLLATE utf8_bin NULL DEFAULT NULL,
  PRIMARY KEY (`id`) USING BTREE,
  UNIQUE INDEX `uk_media_server_unique_ip_http_port`(`ip`, `http_port`) USING BTREE
) ENGINE = InnoDB CHARACTER SET = utf8 COLLATE = utf8_bin ROW_FORMAT = Dynamic;

-- ----------------------------
-- Records of wvp_media_server
-- ----------------------------
INSERT INTO `wvp_media_server` VALUES ('hxkj_zlm', '192.168.158.39', '192.168.158.39', '192.168.158.39', '192.168.158.39', 8092, 443, 1935, 0, 10000, 554, 0, 8092, 443, 8092, 443, 1, 'hxkj_zlm', 'zlm', 1, '30000,30500', '30000,30500', 0, 1, '2025-04-07 09:21:54', '2025-04-07 16:06:51', 10, '', 7, NULL);

-- ----------------------------
-- Table structure for wvp_platform
-- ----------------------------
DROP TABLE IF EXISTS `wvp_platform`;
CREATE TABLE `wvp_platform`  (
  `id` bigint(20) UNSIGNED NOT NULL AUTO_INCREMENT,
  `enable` tinyint(1) NULL DEFAULT 0,
  `name` varchar(255) CHARACTER SET utf8 COLLATE utf8_bin NULL DEFAULT NULL,
  `server_gb_id` varchar(50) CHARACTER SET utf8 COLLATE utf8_bin NULL DEFAULT NULL,
  `server_gb_domain` varchar(50) CHARACTER SET utf8 COLLATE utf8_bin NULL DEFAULT NULL,
  `server_ip` varchar(50) CHARACTER SET utf8 COLLATE utf8_bin NULL DEFAULT NULL,
  `server_port` int(11) NULL DEFAULT NULL,
  `device_gb_id` varchar(50) CHARACTER SET utf8 COLLATE utf8_bin NULL DEFAULT NULL,
  `device_ip` varchar(50) CHARACTER SET utf8 COLLATE utf8_bin NULL DEFAULT NULL,
  `device_port` varchar(50) CHARACTER SET utf8 COLLATE utf8_bin NULL DEFAULT NULL,
  `username` varchar(255) CHARACTER SET utf8 COLLATE utf8_bin NULL DEFAULT NULL,
  `password` varchar(50) CHARACTER SET utf8 COLLATE utf8_bin NULL DEFAULT NULL,
  `expires` varchar(50) CHARACTER SET utf8 COLLATE utf8_bin NULL DEFAULT NULL,
  `keep_timeout` varchar(50) CHARACTER SET utf8 COLLATE utf8_bin NULL DEFAULT NULL,
  `transport` varchar(50) CHARACTER SET utf8 COLLATE utf8_bin NULL DEFAULT NULL,
  `civil_code` varchar(50) CHARACTER SET utf8 COLLATE utf8_bin NULL DEFAULT NULL,
  `manufacturer` varchar(255) CHARACTER SET utf8 COLLATE utf8_bin NULL DEFAULT NULL,
  `model` varchar(255) CHARACTER SET utf8 COLLATE utf8_bin NULL DEFAULT NULL,
  `address` varchar(255) CHARACTER SET utf8 COLLATE utf8_bin NULL DEFAULT NULL,
  `character_set` varchar(50) CHARACTER SET utf8 COLLATE utf8_bin NULL DEFAULT NULL,
  `ptz` tinyint(1) NULL DEFAULT 0,
  `rtcp` tinyint(1) NULL DEFAULT 0,
  `status` tinyint(1) NULL DEFAULT 0,
  `catalog_group` int(11) NULL DEFAULT NULL,
  `register_way` int(11) NULL DEFAULT NULL,
  `secrecy` int(11) NULL DEFAULT NULL,
  `create_time` varchar(50) CHARACTER SET utf8 COLLATE utf8_bin NULL DEFAULT NULL,
  `update_time` varchar(50) CHARACTER SET utf8 COLLATE utf8_bin NULL DEFAULT NULL,
  `as_message_channel` tinyint(1) NULL DEFAULT 0,
  `catalog_with_platform` int(11) NULL DEFAULT 1,
  `catalog_with_group` int(11) NULL DEFAULT 1,
  `catalog_with_region` int(11) NULL DEFAULT 1,
  `auto_push_channel` tinyint(1) NULL DEFAULT 1,
  `send_stream_ip` varchar(50) CHARACTER SET utf8 COLLATE utf8_bin NULL DEFAULT NULL,
  PRIMARY KEY (`id`) USING BTREE,
  UNIQUE INDEX `id`(`id`) USING BTREE,
  UNIQUE INDEX `uk_platform_unique_server_gb_id`(`server_gb_id`) USING BTREE
) ENGINE = InnoDB AUTO_INCREMENT = 1 CHARACTER SET = utf8 COLLATE = utf8_bin ROW_FORMAT = Dynamic;

-- ----------------------------
-- Records of wvp_platform
-- ----------------------------

-- ----------------------------
-- Table structure for wvp_platform_channel
-- ----------------------------
DROP TABLE IF EXISTS `wvp_platform_channel`;
CREATE TABLE `wvp_platform_channel`  (
  `id` bigint(20) UNSIGNED NOT NULL AUTO_INCREMENT,
  `platform_id` int(11) NULL DEFAULT NULL,
  `device_channel_id` int(11) NULL DEFAULT NULL,
  `custom_device_id` varchar(50) CHARACTER SET utf8 COLLATE utf8_bin NULL DEFAULT NULL,
  `custom_name` varchar(255) CHARACTER SET utf8 COLLATE utf8_bin NULL DEFAULT NULL,
  `custom_manufacturer` varchar(50) CHARACTER SET utf8 COLLATE utf8_bin NULL DEFAULT NULL,
  `custom_model` varchar(50) CHARACTER SET utf8 COLLATE utf8_bin NULL DEFAULT NULL,
  `custom_owner` varchar(50) CHARACTER SET utf8 COLLATE utf8_bin NULL DEFAULT NULL,
  `custom_civil_code` varchar(50) CHARACTER SET utf8 COLLATE utf8_bin NULL DEFAULT NULL,
  `custom_block` varchar(50) CHARACTER SET utf8 COLLATE utf8_bin NULL DEFAULT NULL,
  `custom_address` varchar(50) CHARACTER SET utf8 COLLATE utf8_bin NULL DEFAULT NULL,
  `custom_parental` int(11) NULL DEFAULT NULL,
  `custom_parent_id` varchar(50) CHARACTER SET utf8 COLLATE utf8_bin NULL DEFAULT NULL,
  `custom_safety_way` int(11) NULL DEFAULT NULL,
  `custom_register_way` int(11) NULL DEFAULT NULL,
  `custom_cert_num` varchar(50) CHARACTER SET utf8 COLLATE utf8_bin NULL DEFAULT NULL,
  `custom_certifiable` int(11) NULL DEFAULT NULL,
  `custom_err_code` int(11) NULL DEFAULT NULL,
  `custom_end_time` varchar(50) CHARACTER SET utf8 COLLATE utf8_bin NULL DEFAULT NULL,
  `custom_secrecy` int(11) NULL DEFAULT NULL,
  `custom_ip_address` varchar(50) CHARACTER SET utf8 COLLATE utf8_bin NULL DEFAULT NULL,
  `custom_port` int(11) NULL DEFAULT NULL,
  `custom_password` varchar(255) CHARACTER SET utf8 COLLATE utf8_bin NULL DEFAULT NULL,
  `custom_status` varchar(50) CHARACTER SET utf8 COLLATE utf8_bin NULL DEFAULT NULL,
  `custom_longitude` double NULL DEFAULT NULL,
  `custom_latitude` double NULL DEFAULT NULL,
  `custom_ptz_type` int(11) NULL DEFAULT NULL,
  `custom_position_type` int(11) NULL DEFAULT NULL,
  `custom_room_type` int(11) NULL DEFAULT NULL,
  `custom_use_type` int(11) NULL DEFAULT NULL,
  `custom_supply_light_type` int(11) NULL DEFAULT NULL,
  `custom_direction_type` int(11) NULL DEFAULT NULL,
  `custom_resolution` varchar(255) CHARACTER SET utf8 COLLATE utf8_bin NULL DEFAULT NULL,
  `custom_business_group_id` varchar(255) CHARACTER SET utf8 COLLATE utf8_bin NULL DEFAULT NULL,
  `custom_download_speed` varchar(255) CHARACTER SET utf8 COLLATE utf8_bin NULL DEFAULT NULL,
  `custom_svc_space_support_mod` int(11) NULL DEFAULT NULL,
  `custom_svc_time_support_mode` int(11) NULL DEFAULT NULL,
  PRIMARY KEY (`id`) USING BTREE,
  UNIQUE INDEX `id`(`id`) USING BTREE,
  UNIQUE INDEX `uk_platform_gb_channel_platform_id_catalog_id_device_channel_id`(`platform_id`, `device_channel_id`) USING BTREE,
  UNIQUE INDEX `uk_platform_gb_channel_device_id`(`custom_device_id`) USING BTREE
) ENGINE = InnoDB AUTO_INCREMENT = 1 CHARACTER SET = utf8 COLLATE = utf8_bin ROW_FORMAT = Dynamic;

-- ----------------------------
-- Records of wvp_platform_channel
-- ----------------------------

-- ----------------------------
-- Table structure for wvp_platform_group
-- ----------------------------
DROP TABLE IF EXISTS `wvp_platform_group`;
CREATE TABLE `wvp_platform_group`  (
  `id` bigint(20) UNSIGNED NOT NULL AUTO_INCREMENT,
  `platform_id` int(11) NULL DEFAULT NULL,
  `group_id` int(11) NULL DEFAULT NULL,
  PRIMARY KEY (`id`) USING BTREE,
  UNIQUE INDEX `id`(`id`) USING BTREE,
  UNIQUE INDEX `uk_wvp_platform_group_platform_id_group_id`(`platform_id`, `group_id`) USING BTREE
) ENGINE = InnoDB AUTO_INCREMENT = 1 CHARACTER SET = utf8 COLLATE = utf8_bin ROW_FORMAT = Dynamic;

-- ----------------------------
-- Records of wvp_platform_group
-- ----------------------------

-- ----------------------------
-- Table structure for wvp_platform_region
-- ----------------------------
DROP TABLE IF EXISTS `wvp_platform_region`;
CREATE TABLE `wvp_platform_region`  (
  `id` bigint(20) UNSIGNED NOT NULL AUTO_INCREMENT,
  `platform_id` int(11) NULL DEFAULT NULL,
  `region_id` int(11) NULL DEFAULT NULL,
  PRIMARY KEY (`id`) USING BTREE,
  UNIQUE INDEX `id`(`id`) USING BTREE,
  UNIQUE INDEX `uk_wvp_platform_region_platform_id_group_id`(`platform_id`, `region_id`) USING BTREE
) ENGINE = InnoDB AUTO_INCREMENT = 1 CHARACTER SET = utf8 COLLATE = utf8_bin ROW_FORMAT = Dynamic;

-- ----------------------------
-- Records of wvp_platform_region
-- ----------------------------

-- ----------------------------
-- Table structure for wvp_record_plan
-- ----------------------------
DROP TABLE IF EXISTS `wvp_record_plan`;
CREATE TABLE `wvp_record_plan`  (
  `id` bigint(20) UNSIGNED NOT NULL AUTO_INCREMENT,
  `snap` tinyint(1) NULL DEFAULT 0,
  `name` varchar(255) CHARACTER SET utf8 COLLATE utf8_bin NOT NULL,
  `create_time` varchar(50) CHARACTER SET utf8 COLLATE utf8_bin NULL DEFAULT NULL,
  `update_time` varchar(50) CHARACTER SET utf8 COLLATE utf8_bin NULL DEFAULT NULL,
  PRIMARY KEY (`id`) USING BTREE,
  UNIQUE INDEX `id`(`id`) USING BTREE
) ENGINE = InnoDB AUTO_INCREMENT = 1 CHARACTER SET = utf8 COLLATE = utf8_bin ROW_FORMAT = Dynamic;

-- ----------------------------
-- Records of wvp_record_plan
-- ----------------------------

-- ----------------------------
-- Table structure for wvp_record_plan_item
-- ----------------------------
DROP TABLE IF EXISTS `wvp_record_plan_item`;
CREATE TABLE `wvp_record_plan_item`  (
  `id` bigint(20) UNSIGNED NOT NULL AUTO_INCREMENT,
  `start` int(11) NULL DEFAULT NULL,
  `stop` int(11) NULL DEFAULT NULL,
  `week_day` int(11) NULL DEFAULT NULL,
  `plan_id` int(11) NULL DEFAULT NULL,
  `create_time` varchar(50) CHARACTER SET utf8 COLLATE utf8_bin NULL DEFAULT NULL,
  `update_time` varchar(50) CHARACTER SET utf8 COLLATE utf8_bin NULL DEFAULT NULL,
  PRIMARY KEY (`id`) USING BTREE,
  UNIQUE INDEX `id`(`id`) USING BTREE
) ENGINE = InnoDB AUTO_INCREMENT = 1 CHARACTER SET = utf8 COLLATE = utf8_bin ROW_FORMAT = Dynamic;

-- ----------------------------
-- Records of wvp_record_plan_item
-- ----------------------------

-- ----------------------------
-- Table structure for wvp_resources_tree
-- ----------------------------
DROP TABLE IF EXISTS `wvp_resources_tree`;
CREATE TABLE `wvp_resources_tree`  (
  `id` bigint(20) UNSIGNED NOT NULL AUTO_INCREMENT,
  `is_catalog` tinyint(1) NULL DEFAULT 1,
  `device_channel_id` int(11) NULL DEFAULT NULL,
  `gb_stream_id` int(11) NULL DEFAULT NULL,
  `name` varchar(255) CHARACTER SET utf8 COLLATE utf8_bin NULL DEFAULT NULL,
  `parentId` int(11) NULL DEFAULT NULL,
  `path` varchar(255) CHARACTER SET utf8 COLLATE utf8_bin NULL DEFAULT NULL,
  PRIMARY KEY (`id`) USING BTREE,
  UNIQUE INDEX `id`(`id`) USING BTREE
) ENGINE = InnoDB AUTO_INCREMENT = 1 CHARACTER SET = utf8 COLLATE = utf8_bin ROW_FORMAT = Dynamic;

-- ----------------------------
-- Records of wvp_resources_tree
-- ----------------------------

-- ----------------------------
-- Table structure for wvp_stream_proxy
-- ----------------------------
DROP TABLE IF EXISTS `wvp_stream_proxy`;
CREATE TABLE `wvp_stream_proxy`  (
  `id` bigint(20) UNSIGNED NOT NULL AUTO_INCREMENT,
  `type` varchar(50) CHARACTER SET utf8 COLLATE utf8_bin NULL DEFAULT NULL,
  `app` varchar(255) CHARACTER SET utf8 COLLATE utf8_bin NULL DEFAULT NULL,
  `stream` varchar(255) CHARACTER SET utf8 COLLATE utf8_bin NULL DEFAULT NULL,
  `src_url` varchar(255) CHARACTER SET utf8 COLLATE utf8_bin NULL DEFAULT NULL,
  `timeout` int(11) NULL DEFAULT NULL,
  `ffmpeg_cmd_key` varchar(255) CHARACTER SET utf8 COLLATE utf8_bin NULL DEFAULT NULL,
  `rtsp_type` varchar(50) CHARACTER SET utf8 COLLATE utf8_bin NULL DEFAULT NULL,
  `media_server_id` varchar(50) CHARACTER SET utf8 COLLATE utf8_bin NULL DEFAULT NULL,
  `enable_audio` tinyint(1) NULL DEFAULT 0,
  `enable_mp4` tinyint(1) NULL DEFAULT 0,
  `pulling` tinyint(1) NULL DEFAULT 0,
  `enable` tinyint(1) NULL DEFAULT 0,
  `enable_remove_none_reader` tinyint(1) NULL DEFAULT 0,
  `create_time` varchar(50) CHARACTER SET utf8 COLLATE utf8_bin NULL DEFAULT NULL,
  `name` varchar(255) CHARACTER SET utf8 COLLATE utf8_bin NULL DEFAULT NULL,
  `update_time` varchar(50) CHARACTER SET utf8 COLLATE utf8_bin NULL DEFAULT NULL,
  `stream_key` varchar(255) CHARACTER SET utf8 COLLATE utf8_bin NULL DEFAULT NULL,
  `enable_disable_none_reader` tinyint(1) NULL DEFAULT 0,
  `relates_media_server_id` varchar(50) CHARACTER SET utf8 COLLATE utf8_bin NULL DEFAULT NULL,
  PRIMARY KEY (`id`) USING BTREE,
  UNIQUE INDEX `id`(`id`) USING BTREE,
  UNIQUE INDEX `uk_stream_proxy_app_stream`(`app`, `stream`) USING BTREE
) ENGINE = InnoDB AUTO_INCREMENT = 1 CHARACTER SET = utf8 COLLATE = utf8_bin ROW_FORMAT = Dynamic;

-- ----------------------------
-- Records of wvp_stream_proxy
-- ----------------------------

-- ----------------------------
-- Table structure for wvp_stream_push
-- ----------------------------
DROP TABLE IF EXISTS `wvp_stream_push`;
CREATE TABLE `wvp_stream_push`  (
  `id` bigint(20) UNSIGNED NOT NULL AUTO_INCREMENT,
  `app` varchar(255) CHARACTER SET utf8 COLLATE utf8_bin NULL DEFAULT NULL,
  `stream` varchar(255) CHARACTER SET utf8 COLLATE utf8_bin NULL DEFAULT NULL,
  `create_time` varchar(50) CHARACTER SET utf8 COLLATE utf8_bin NULL DEFAULT NULL,
  `media_server_id` varchar(50) CHARACTER SET utf8 COLLATE utf8_bin NULL DEFAULT NULL,
  `server_id` varchar(50) CHARACTER SET utf8 COLLATE utf8_bin NULL DEFAULT NULL,
  `push_time` varchar(50) CHARACTER SET utf8 COLLATE utf8_bin NULL DEFAULT NULL,
  `status` tinyint(1) NULL DEFAULT 0,
  `update_time` varchar(50) CHARACTER SET utf8 COLLATE utf8_bin NULL DEFAULT NULL,
  `pushing` tinyint(1) NULL DEFAULT 0,
  `self` tinyint(1) NULL DEFAULT 0,
  `start_offline_push` tinyint(1) NULL DEFAULT 1,
  PRIMARY KEY (`id`) USING BTREE,
  UNIQUE INDEX `id`(`id`) USING BTREE,
  UNIQUE INDEX `uk_stream_push_app_stream`(`app`, `stream`) USING BTREE
) ENGINE = InnoDB AUTO_INCREMENT = 1 CHARACTER SET = utf8 COLLATE = utf8_bin ROW_FORMAT = Dynamic;

-- ----------------------------
-- Records of wvp_stream_push
-- ----------------------------

-- ----------------------------
-- Table structure for wvp_user_api_key
-- ----------------------------
DROP TABLE IF EXISTS `wvp_user_api_key`;
CREATE TABLE `wvp_user_api_key`  (
  `id` bigint(20) UNSIGNED NOT NULL AUTO_INCREMENT,
  `user_id` bigint(20) NULL DEFAULT NULL,
  `app` varchar(255) CHARACTER SET utf8 COLLATE utf8_bin NULL DEFAULT NULL,
  `api_key` text CHARACTER SET utf8 COLLATE utf8_bin NULL,
  `expired_at` bigint(20) NULL DEFAULT NULL,
  `remark` varchar(255) CHARACTER SET utf8 COLLATE utf8_bin NULL DEFAULT NULL,
  `enable` tinyint(1) NULL DEFAULT 1,
  `create_time` varchar(50) CHARACTER SET utf8 COLLATE utf8_bin NULL DEFAULT NULL,
  `update_time` varchar(50) CHARACTER SET utf8 COLLATE utf8_bin NULL DEFAULT NULL,
  PRIMARY KEY (`id`) USING BTREE,
  UNIQUE INDEX `id`(`id`) USING BTREE
) ENGINE = InnoDB AUTO_INCREMENT = 1 CHARACTER SET = utf8 COLLATE = utf8_bin ROW_FORMAT = Dynamic;

-- ----------------------------
-- Records of wvp_user_api_key
-- ----------------------------

SET FOREIGN_KEY_CHECKS = 1;
